timestamp,BPM,Quality
1556587171208,58,ACQUIRING
1556587172253,58,ACQUIRING
1556587173215,58,ACQUIRING
1556587174238,58,ACQUIRING
1556587175261,58,ACQUIRING
1556587176216,58,ACQUIRING
1556587177187,58,ACQUIRING
1556587178154,58,ACQUIRING
1556587179133,58,ACQUIRING
1556587180119,58,ACQUIRING
1556587181129,58,ACQUIRING
1556587182226,58,ACQUIRING
1556587183190,63,LOCKED
1556587184135,73,LOCKED
1556587185092,78,LOCKED
1556587186129,88,LOCKED
1556587187084,93,LOCKED
1556587188131,95,LOCKED
1556587189105,95,LOCKED
1556587190195,94,LOCKED
1556587191115,95,LOCKED
1556587192068,95,ACQUIRING
1556587193099,95,ACQUIRING
1556587194118,95,LOCKED
1556587195138,95,LOCKED
1556587196133,91,LOCKED
1556587197115,91,LOCKED
1556587198100,89,LOCKED
1556587199056,90,LOCKED
1556587200040,90,LOCKED
1556587201051,90,LOCKED
1556587202098,90,LOCKED
1556587203064,90,LOCKED
1556587204131,91,LOCKED
1556587205237,91,LOCKED
1556587206053,92,LOCKED
1556587207165,92,LOCKED
1556587208074,92,LOCKED
1556587209265,92,LOCKED
1556587210087,92,LOCKED
1556587211098,93,LOCKED
1556587212102,93,LOCKED
1556587213045,92,LOCKED
1556587213988,92,LOCKED
1556587214984,92,LOCKED
1556587216007,91,LOCKED
1556587217070,72,LOCKED
1556587218027,72,LOCKED
1556587218977,72,LOCKED
1556587220041,72,LOCKED
1556587220960,71,LOCKED
1556587221981,70,LOCKED
1556587223071,70,LOCKED
1556587224032,71,LOCKED
1556587225111,72,LOCKED
1556587226051,72,LOCKED
1556587226971,73,LOCKED
1556587227998,73,LOCKED
1556587228945,73,LOCKED
1556587230061,73,LOCKED
1556587230949,73,LOCKED
1556587231979,73,LOCKED
1556587233203,73,LOCKED
1556587233926,73,LOCKED
1556587234955,73,LOCKED
1556587235919,73,LOCKED
1556587236968,73,LOCKED
1556587237935,73,LOCKED
1556587238924,73,LOCKED
1556587239952,73,LOCKED
1556587240909,74,LOCKED
1556587241896,74,LOCKED
1556587243105,74,LOCKED
1556587243878,74,LOCKED
1556587245170,75,LOCKED
1556587246059,76,LOCKED
1556587246963,77,LOCKED
1556587247862,77,LOCKED
1556587248895,76,LOCKED
1556587249873,76,LOCKED
1556587251014,76,LOCKED
1556587251952,76,LOCKED
1556587252855,76,LOCKED
1556587253886,76,LOCKED
1556587254845,76,LOCKED
1556587255873,76,LOCKED
1556587256844,75,LOCKED
1556587257855,75,LOCKED
1556587258913,75,LOCKED
1556587259816,76,LOCKED
1556587260911,76,LOCKED
1556587261819,76,LOCKED
1556587262822,76,LOCKED
1556587263875,75,LOCKED
1556587264806,75,LOCKED
1556587265807,75,LOCKED
1556587266811,75,LOCKED
1556587267789,75,LOCKED
1556587268837,75,LOCKED
1556587269773,74,LOCKED
1556587270770,75,LOCKED
1556587271789,75,LOCKED
1556587272798,76,LOCKED
1556587273769,76,LOCKED
1556587274741,76,LOCKED
1556587275748,75,LOCKED
1556587276785,74,LOCKED
1556587277760,75,LOCKED
1556587278748,75,LOCKED
1556587279737,75,LOCKED
1556587280793,75,LOCKED
1556587281723,75,LOCKED
1556587282754,74,LOCKED
1556587283740,75,LOCKED
1556587284738,74,LOCKED
1556587285727,75,LOCKED
1556587286752,75,LOCKED
1556587287740,75,LOCKED
1556587288749,75,LOCKED
1556587289702,75,LOCKED
1556587290718,75,LOCKED
1556587291709,75,LOCKED
1556587292708,75,LOCKED
1556587293695,75,LOCKED
1556587294746,75,LOCKED
1556587295707,76,LOCKED
1556587296689,76,LOCKED
1556587297681,76,LOCKED
1556587298671,75,LOCKED
1556587299690,75,LOCKED
1556587300648,75,LOCKED
1556587301666,76,LOCKED
1556587302675,75,LOCKED
1556587303724,75,LOCKED
1556587304701,75,LOCKED
1556587305640,75,LOCKED
1556587306637,74,LOCKED
1556587307616,75,LOCKED
1556587308620,75,LOCKED
1556587309628,75,LOCKED
1556587310628,75,LOCKED
1556587311636,75,LOCKED
1556587312608,75,LOCKED
1556587313609,75,LOCKED
1556587314618,75,LOCKED
1556587315608,75,LOCKED
1556587316589,75,LOCKED
1556587317590,75,LOCKED
1556587318618,75,LOCKED
1556587319627,74,LOCKED
1556587320566,74,LOCKED
1556587321571,73,LOCKED
1556587322586,73,LOCKED
1556587323714,73,LOCKED
1556587324573,74,LOCKED
1556587325663,74,LOCKED
1556587326568,74,LOCKED
1556587327553,73,LOCKED
1556587328541,74,LOCKED
1556587329556,74,LOCKED
1556587330553,74,LOCKED
1556587331572,75,LOCKED
1556587332521,75,LOCKED
1556587333540,74,LOCKED
1556587334542,74,LOCKED
1556587335526,74,LOCKED
1556587336524,75,LOCKED
1556587337542,75,LOCKED
1556587338570,75,LOCKED
1556587339527,74,LOCKED
1556587340564,76,LOCKED
1556587341558,74,LOCKED
1556587342486,76,LOCKED
1556587343559,74,LOCKED
1556587344504,74,LOCKED
1556587345466,74,LOCKED
1556587346524,73,LOCKED
1556587347530,73,LOCKED
1556587348465,74,LOCKED
1556587349451,74,LOCKED
1556587350465,74,LOCKED
1556587351461,74,LOCKED
1556587352448,74,LOCKED
1556587353430,79,LOCKED
1556587354528,79,LOCKED
1556587355497,79,LOCKED
1556587356435,79,LOCKED
1556587357481,77,LOCKED
1556587358422,77,ACQUIRING
1556587359428,77,ACQUIRING
1556587360429,77,ACQUIRING
1556587361431,77,ACQUIRING
1556587362418,77,ACQUIRING
1556587363500,77,ACQUIRING
1556587364397,77,ACQUIRING
1556587365408,77,ACQUIRING
1556587366383,77,ACQUIRING
1556587367399,77,ACQUIRING
1556587368374,77,ACQUIRING
1556587369376,77,ACQUIRING
1556587370371,77,ACQUIRING
1556587371369,77,ACQUIRING
1556587372391,77,ACQUIRING
1556587373367,77,ACQUIRING
1556587374474,77,ACQUIRING
1556587375498,77,ACQUIRING
1556587376386,77,ACQUIRING
1556587377425,77,ACQUIRING
1556587378338,77,ACQUIRING
1556587379350,77,ACQUIRING
1556587380339,77,ACQUIRING
1556587381525,77,ACQUIRING
1556587382326,77,ACQUIRING
1556587383334,77,LOCKED
1556587384323,73,LOCKED
1556587385314,73,LOCKED
1556587386311,72,LOCKED
1556587387304,72,LOCKED
1556587388369,71,LOCKED
1556587389350,72,LOCKED
1556587390296,72,LOCKED
1556587391297,73,LOCKED
1556587392292,73,LOCKED
1556587393282,73,LOCKED
1556587394279,72,LOCKED
1556587395269,72,LOCKED
1556587396265,71,LOCKED
1556587397324,71,LOCKED
1556587398332,71,LOCKED
1556587399268,70,LOCKED
1556587400315,71,LOCKED
1556587401261,71,LOCKED
1556587402264,72,LOCKED
1556587403290,72,LOCKED
1556587404279,71,LOCKED
1556587405248,70,LOCKED
1556587406245,70,LOCKED
1556587407237,71,LOCKED
1556587408218,71,LOCKED
1556587409258,71,LOCKED
1556587410226,70,LOCKED
1556587411239,71,LOCKED
1556587412222,71,LOCKED
1556587413221,72,LOCKED
1556587414232,72,LOCKED
1556587415215,72,LOCKED
1556587416207,72,LOCKED
1556587417228,72,LOCKED
1556587418212,75,LOCKED
1556587419201,76,LOCKED
1556587420193,71,LOCKED
1556587421179,65,LOCKED
1556587422173,66,LOCKED
1556587423188,66,LOCKED
1556587424189,66,LOCKED
1556587425158,66,LOCKED
1556587426179,67,LOCKED
1556587427143,66,LOCKED
1556587428154,67,LOCKED
1556587429237,67,LOCKED
1556587430145,67,LOCKED
1556587431181,68,LOCKED
1556587432146,67,LOCKED
1556587433145,68,LOCKED
1556587434117,68,LOCKED
1556587435114,70,LOCKED
1556587436130,70,LOCKED
1556587437172,74,LOCKED
1556587438120,73,LOCKED
1556587439117,73,LOCKED
1556587440122,73,LOCKED
1556587441102,74,LOCKED
1556587442082,74,LOCKED
1556587443092,73,LOCKED
1556587444093,73,LOCKED
1556587445081,73,LOCKED
1556587446097,73,LOCKED
1556587447073,73,LOCKED
1556587448220,72,LOCKED
1556587449108,72,LOCKED
1556587450157,72,LOCKED
1556587451074,71,LOCKED
1556587452053,71,LOCKED
1556587453053,71,LOCKED
1556587454056,71,LOCKED
1556587455046,71,LOCKED
1556587456037,71,LOCKED
1556587457040,76,LOCKED
1556587458048,67,LOCKED
1556587459043,68,LOCKED
1556587460035,68,LOCKED
1556587461019,68,LOCKED
1556587462031,68,LOCKED
1556587463050,68,LOCKED
1556587464046,68,LOCKED
1556587464993,68,LOCKED
1556587466052,68,ACQUIRING
1556587467009,68,ACQUIRING
1556587468004,68,ACQUIRING
1556587469006,68,LOCKED
1556587470018,68,LOCKED
1556587470971,68,LOCKED
1556587471982,68,LOCKED
1556587473012,68,LOCKED
1556587473984,68,LOCKED
1556587474960,68,LOCKED
1556587475979,73,LOCKED
1556587476982,73,LOCKED
1556587477962,73,LOCKED
1556587478958,73,LOCKED
1556587479978,73,LOCKED
1556587480987,73,LOCKED
1556587481950,75,LOCKED
1556587482946,73,LOCKED
1556587483998,74,LOCKED
1556587484949,75,LOCKED
1556587486015,74,LOCKED
1556587487010,74,LOCKED
1556587487921,75,LOCKED
1556587488908,75,LOCKED
1556587489907,75,LOCKED
1556587490933,76,LOCKED
1556587491901,73,LOCKED
1556587492888,73,LOCKED
1556587493898,73,LOCKED
1556587494893,73,LOCKED
1556587495896,73,LOCKED
1556587496918,73,LOCKED
1556587497883,72,LOCKED
1556587498907,72,LOCKED
1556587499871,70,LOCKED
1556587500880,71,LOCKED
1556587501866,72,LOCKED
1556587502880,72,LOCKED
1556587503861,73,LOCKED
1556587504890,73,LOCKED
1556587505845,73,LOCKED
1556587506847,73,LOCKED
1556587507930,73,LOCKED
1556587508846,72,LOCKED
1556587509839,73,LOCKED
1556587510829,72,LOCKED
1556587511811,71,LOCKED
1556587512814,71,LOCKED
1556587513824,72,LOCKED
1556587514815,73,LOCKED
1556587515878,73,LOCKED
1556587516809,73,LOCKED
1556587517885,70,LOCKED
1556587518804,72,LOCKED
1556587519798,72,LOCKED
1556587520809,72,LOCKED
1556587521834,72,LOCKED
1556587523107,72,LOCKED
1556587523778,73,LOCKED
1556587524814,72,LOCKED
1556587525766,74,LOCKED
1556587526754,74,LOCKED
1556587527747,74,LOCKED
1556587528786,74,LOCKED
1556587529761,78,LOCKED
1556587530761,78,LOCKED
1556587531741,77,LOCKED
1556587532740,79,LOCKED
1556587533738,79,LOCKED
1556587534772,78,LOCKED
1556587535736,78,LOCKED
1556587536737,77,LOCKED
1556587537734,77,LOCKED
1556587538744,76,LOCKED
1556587539700,76,LOCKED
1556587540741,76,LOCKED
1556587541702,75,LOCKED
1556587542688,75,LOCKED
1556587543688,74,LOCKED
1556587544779,73,LOCKED
1556587545701,73,LOCKED
1556587546687,72,LOCKED
1556587547727,72,LOCKED
1556587548710,71,LOCKED
1556587549698,72,LOCKED
1556587550669,73,LOCKED
1556587551698,73,LOCKED
1556587552675,73,LOCKED
1556587553702,74,LOCKED
1556587554688,74,LOCKED
1556587555659,74,LOCKED
1556587556676,80,LOCKED
1556587557672,79,LOCKED
1556587558629,80,LOCKED
1556587559658,81,LOCKED
1556587560646,80,LOCKED
1556587561649,80,LOCKED
1556587562622,80,LOCKED
1556587563630,81,LOCKED
1556587564622,81,LOCKED
1556587565610,80,LOCKED
1556587566615,81,LOCKED
1556587567617,82,LOCKED
1556587568617,82,LOCKED
1556587569612,80,LOCKED
1556587570588,80,LOCKED
1556587571697,79,LOCKED
1556587572581,79,LOCKED
1556587573590,79,LOCKED
1556587574588,79,LOCKED
1556587575576,79,LOCKED
1556587576565,79,LOCKED
1556587577555,78,LOCKED
1556587578702,77,LOCKED
1556587579563,77,LOCKED
1556587580572,77,LOCKED
1556587581560,76,LOCKED
1556587582546,76,LOCKED
1556587583553,75,LOCKED
1556587584585,75,LOCKED
1556587585541,75,LOCKED
1556587586545,75,LOCKED
1556587587537,74,LOCKED
1556587588513,74,LOCKED
1556587589511,73,LOCKED
1556587590530,72,LOCKED
1556587591542,73,LOCKED
1556587592519,73,LOCKED
1556587593491,73,LOCKED
1556587594578,73,LOCKED
1556587595588,73,LOCKED
1556587596486,72,LOCKED
1556587597574,72,LOCKED
1556587598493,72,LOCKED
1556587599472,73,LOCKED
1556587600482,73,LOCKED
1556587601464,73,LOCKED
1556587602552,72,LOCKED
1556587603484,73,LOCKED
1556587604465,73,LOCKED
1556587605448,73,LOCKED
1556587606497,73,LOCKED
1556587607445,74,LOCKED
1556587608663,74,LOCKED
1556587609498,74,LOCKED
1556587610489,73,LOCKED
1556587611479,73,LOCKED
1556587612505,74,LOCKED
1556587613437,74,LOCKED
1556587614419,73,LOCKED
1556587615493,73,LOCKED
1556587616438,74,LOCKED
1556587617543,74,LOCKED
1556587618472,74,LOCKED
1556587619423,74,LOCKED
1556587620441,73,LOCKED
1556587621400,72,LOCKED
1556587622382,73,LOCKED
1556587623473,73,LOCKED
1556587624378,72,LOCKED
1556587625374,71,LOCKED
1556587626394,71,LOCKED
1556587627385,71,LOCKED
1556587628377,71,LOCKED
1556587629376,70,LOCKED
1556587630346,70,LOCKED
1556587631436,69,LOCKED
1556587632450,69,LOCKED
1556587633347,67,LOCKED
1556587634330,67,LOCKED
1556587635339,67,LOCKED
1556587636319,68,LOCKED
1556587637337,67,LOCKED
1556587638337,65,LOCKED
1556587639322,65,LOCKED
1556587640319,66,LOCKED
1556587641301,66,LOCKED
1556587642296,66,LOCKED
1556587643311,65,LOCKED
1556587644298,65,LOCKED
1556587645349,65,LOCKED
1556587646323,66,LOCKED
1556587647304,67,LOCKED
1556587648316,67,LOCKED
1556587649278,68,LOCKED
1556587650348,67,LOCKED
1556587651270,68,LOCKED
1556587652356,68,LOCKED
1556587653315,69,LOCKED
1556587654258,70,LOCKED
1556587655359,95,LOCKED
1556587656282,95,LOCKED
1556587657239,94,LOCKED
1556587658317,94,LOCKED
1556587659255,94,LOCKED
1556587660330,94,LOCKED
1556587661403,93,LOCKED
1556587662260,92,LOCKED
1556587663256,93,LOCKED
1556587664263,90,LOCKED
1556587665231,90,LOCKED
1556587666231,90,LOCKED
1556587667220,89,LOCKED
1556587668316,89,LOCKED
1556587669196,90,LOCKED
1556587670238,91,LOCKED
1556587671191,91,LOCKED
1556587672187,90,LOCKED
1556587673204,89,LOCKED
1556587674184,89,LOCKED
1556587675260,90,LOCKED
1556587676210,91,LOCKED
1556587677172,91,LOCKED
1556587678186,90,LOCKED
1556587679164,93,LOCKED
1556587680181,91,LOCKED
1556587681161,91,LOCKED
1556587682186,91,LOCKED
1556587683225,93,LOCKED
1556587684146,95,LOCKED
1556587685153,93,LOCKED
1556587686133,93,LOCKED
1556587687125,92,LOCKED
1556587688199,91,LOCKED
1556587689152,90,LOCKED
1556587690122,91,LOCKED
1556587691129,91,LOCKED
1556587692194,91,LOCKED
1556587693110,91,LOCKED
1556587694097,90,LOCKED
1556587695153,88,LOCKED
1556587696138,89,LOCKED
1556587697088,89,LOCKED
1556587698102,78,LOCKED
1556587699210,78,LOCKED
1556587700088,78,LOCKED
1556587701097,78,LOCKED
1556587702086,78,LOCKED
1556587703089,78,LOCKED
1556587704100,77,LOCKED
1556587705070,77,LOCKED
1556587706071,76,LOCKED
1556587707048,76,LOCKED
1556587708044,76,LOCKED
1556587709087,76,LOCKED
1556587710110,76,LOCKED
1556587711044,76,LOCKED
1556587712060,76,LOCKED
1556587713038,76,LOCKED
1556587714065,76,LOCKED
1556587715036,76,LOCKED
1556587716037,77,LOCKED
1556587717029,75,LOCKED
1556587718033,75,LOCKED
1556587719019,74,LOCKED
1556587720021,74,LOCKED
1556587721011,73,LOCKED
1556587722030,73,LOCKED
1556587722987,73,LOCKED
1556587724071,72,LOCKED
1556587725037,72,LOCKED
1556587726133,71,LOCKED
1556587726964,76,LOCKED
1556587727967,76,LOCKED
1556587728980,76,LOCKED
1556587729963,75,LOCKED
1556587731011,74,LOCKED
1556587732032,74,LOCKED
1556587732970,74,LOCKED
1556587733970,74,LOCKED
1556587734935,75,LOCKED
1556587736014,75,LOCKED
1556587736939,74,LOCKED
1556587737955,75,LOCKED
1556587738990,75,LOCKED
1556587739942,75,LOCKED
1556587740922,70,LOCKED
1556587741912,67,LOCKED
1556587742937,67,LOCKED
1556587743902,67,LOCKED
1556587744992,67,LOCKED
1556587745991,72,LOCKED
1556587746897,75,LOCKED
1556587747953,75,LOCKED
1556587748915,75,LOCKED
1556587749887,74,LOCKED
1556587751042,74,LOCKED
1556587751907,75,LOCKED
1556587752878,75,LOCKED
1556587753961,75,LOCKED
1556587754891,75,LOCKED
1556587755878,75,LOCKED
1556587756898,75,LOCKED
1556587757882,75,LOCKED
1556587758882,75,LOCKED
1556587759862,72,LOCKED
1556587760877,72,LOCKED
1556587761835,71,LOCKED
1556587762842,71,LOCKED
1556587763834,71,LOCKED
1556587764821,72,LOCKED
1556587765839,72,LOCKED
1556587766894,72,LOCKED
1556587767906,73,LOCKED
1556587768908,73,LOCKED
1556587769915,74,LOCKED
1556587770797,74,LOCKED
1556587771793,73,LOCKED
1556587772834,73,LOCKED
1556587773789,73,LOCKED
1556587774823,73,LOCKED
1556587775869,73,LOCKED
1556587776837,74,LOCKED
1556587777884,74,LOCKED
1556587778786,73,LOCKED
1556587779765,73,LOCKED
1556587780828,73,LOCKED
1556587781921,74,LOCKED
1556587782761,73,LOCKED
1556587783750,72,LOCKED
1556587784771,72,LOCKED
1556587785786,73,LOCKED
1556587786789,73,LOCKED
1556587787729,73,LOCKED
1556587788739,73,LOCKED
1556587789788,72,LOCKED
1556587790858,72,LOCKED
1556587791710,72,LOCKED
1556587792821,72,LOCKED
1556587793750,72,LOCKED
1556587794742,72,LOCKED
1556587795794,73,LOCKED
1556587796726,74,LOCKED
1556587797687,73,LOCKED
1556587798752,73,LOCKED
1556587799706,73,LOCKED
1556587800686,72,LOCKED
1556587801685,70,LOCKED
1556587802772,73,LOCKED
1556587803689,73,LOCKED
1556587804698,73,LOCKED
1556587805701,72,LOCKED
1556587806680,72,LOCKED
1556587807654,72,LOCKED
1556587808697,72,LOCKED
1556587809657,72,LOCKED
1556587810676,73,LOCKED
1556587811650,72,LOCKED
1556587812660,73,LOCKED
1556587813638,74,LOCKED
1556587814633,73,LOCKED
1556587815760,72,LOCKED
1556587816624,71,LOCKED
1556587817609,71,LOCKED
1556587818608,72,LOCKED
1556587819605,71,LOCKED
1556587820735,70,LOCKED
1556587821598,71,LOCKED
1556587822613,71,LOCKED
1556587823722,71,LOCKED
1556587824606,70,LOCKED
1556587825600,70,LOCKED
1556587826597,69,LOCKED
1556587827584,68,LOCKED
1556587828581,68,LOCKED
1556587829594,69,LOCKED
1556587830618,68,LOCKED
1556587831615,68,LOCKED
1556587832710,68,LOCKED
1556587833557,67,LOCKED
1556587834548,67,LOCKED
1556587835599,68,LOCKED
1556587836673,69,LOCKED
1556587837539,69,LOCKED
1556587838553,68,LOCKED
1556587839554,68,LOCKED
1556587840646,69,LOCKED
1556587841526,69,LOCKED
1556587842534,69,LOCKED
1556587843579,69,LOCKED
1556587844531,68,LOCKED
1556587845514,67,LOCKED
1556587846506,67,LOCKED
1556587847589,67,LOCKED
1556587848518,66,LOCKED
1556587849510,66,LOCKED
1556587850584,66,LOCKED
1556587851547,65,LOCKED
1556587852472,65,LOCKED
1556587853474,66,LOCKED
1556587854479,66,LOCKED
1556587855474,66,LOCKED
1556587856620,66,LOCKED
1556587857470,66,LOCKED
1556587858476,67,LOCKED
1556587859455,69,LOCKED
1556587860460,69,LOCKED
1556587861451,70,LOCKED
1556587862449,71,LOCKED
1556587863446,70,LOCKED
1556587864458,69,LOCKED
1556587865466,70,LOCKED
1556587866434,71,LOCKED
1556587867460,71,LOCKED
1556587868410,71,LOCKED
1556587869433,72,LOCKED
1556587870423,72,LOCKED
1556587871456,72,LOCKED
1556587872393,71,LOCKED
1556587873399,70,LOCKED
1556587874393,69,LOCKED
1556587875417,70,LOCKED
1556587876477,71,LOCKED
1556587877407,71,LOCKED
1556587878382,71,LOCKED
1556587879392,70,LOCKED
1556587880396,70,LOCKED
1556587881369,70,LOCKED
1556587882411,70,LOCKED
1556587883366,70,LOCKED
1556587884429,70,LOCKED
1556587885389,70,LOCKED
1556587886366,71,LOCKED
1556587887358,71,LOCKED
1556587888387,71,LOCKED
1556587889351,70,LOCKED
1556587890357,71,LOCKED
1556587891370,71,LOCKED
1556587892345,70,LOCKED
1556587893340,70,LOCKED
1556587894332,70,LOCKED
1556587895320,70,LOCKED
1556587896339,70,LOCKED
1556587897306,70,LOCKED
1556587898318,70,LOCKED
1556587899299,70,LOCKED
1556587900294,71,LOCKED
1556587901283,70,LOCKED
1556587902287,70,LOCKED
1556587903305,70,LOCKED
1556587904267,70,LOCKED
1556587905358,71,LOCKED
1556587906284,71,LOCKED
1556587907306,70,LOCKED
1556587908280,71,LOCKED
1556587909252,72,LOCKED
1556587910265,71,LOCKED
1556587911259,71,LOCKED
1556587912323,71,LOCKED
1556587913242,71,LOCKED
1556587914263,71,LOCKED
1556587915233,71,LOCKED
1556587916225,71,LOCKED
1556587917274,71,LOCKED
1556587918258,72,LOCKED
1556587919236,72,LOCKED
1556587920222,72,LOCKED
1556587921203,73,LOCKED
1556587922211,73,LOCKED
1556587923231,74,LOCKED
1556587924219,74,LOCKED
1556587925189,74,LOCKED
1556587926192,74,LOCKED
1556587927192,74,LOCKED
1556587928184,74,LOCKED
1556587929193,74,LOCKED
1556587930170,74,LOCKED
1556587931178,70,LOCKED
1556587932160,70,ACQUIRING
1556587933185,70,ACQUIRING
1556587934183,70,ACQUIRING
1556587935179,70,ACQUIRING
1556587936184,70,ACQUIRING
1556587937156,70,ACQUIRING
1556587938146,70,ACQUIRING
1556587939138,70,ACQUIRING
1556587940134,70,LOCKED
1556587941144,74,LOCKED
1556587942140,75,LOCKED
1556587943117,75,LOCKED
1556587944110,75,LOCKED
1556587945174,76,LOCKED
1556587946105,76,LOCKED
1556587947102,76,LOCKED
1556587948116,77,LOCKED
1556587949120,77,LOCKED
1556587950095,77,LOCKED
1556587951103,77,LOCKED
1556587952103,77,LOCKED
1556587953092,77,LOCKED
1556587954097,77,LOCKED
1556587955077,77,LOCKED
1556587956083,78,LOCKED
1556587957061,77,LOCKED
1556587958066,77,LOCKED
1556587959059,77,LOCKED
1556587960050,78,LOCKED
1556587961056,78,LOCKED
1556587962077,78,LOCKED
1556587963056,78,LOCKED
1556587964061,78,LOCKED
1556587965141,79,LOCKED
1556587966051,79,LOCKED
1556587967089,79,LOCKED
1556587968029,80,LOCKED
1556587969056,80,LOCKED
1556587970029,80,LOCKED
1556587971042,80,LOCKED
1556587972027,80,LOCKED
1556587973016,80,LOCKED
1556587974016,80,LOCKED
1556587974992,80,LOCKED
1556587976094,81,LOCKED
1556587977006,81,LOCKED
1556587977983,81,LOCKED
1556587979024,80,LOCKED
1556587980078,81,LOCKED
1556587980976,81,LOCKED
1556587982062,81,LOCKED
1556587983028,82,LOCKED
1556587983975,82,LOCKED
1556587984979,82,LOCKED
1556587985967,82,LOCKED
1556587986999,82,LOCKED
1556587987960,82,LOCKED
1556587988945,81,LOCKED
1556587989946,81,LOCKED
1556587990940,81,LOCKED
1556587991995,81,LOCKED
1556587992929,80,LOCKED
1556587993944,80,LOCKED
1556587994929,80,LOCKED
1556587995917,80,LOCKED
1556587996909,80,LOCKED
1556587998063,80,LOCKED
1556587998933,80,LOCKED
1556587999894,80,LOCKED
1556588000900,80,LOCKED
1556588001906,80,LOCKED
1556588002984,80,LOCKED
1556588003890,80,LOCKED
1556588004887,80,LOCKED
1556588005887,80,LOCKED
1556588006877,80,LOCKED
1556588007864,80,LOCKED
1556588008861,80,LOCKED
1556588009867,79,LOCKED
1556588010852,79,LOCKED
1556588011848,79,LOCKED
1556588013090,78,LOCKED
1556588013879,78,LOCKED
1556588014837,78,LOCKED
1556588015919,78,LOCKED
1556588016898,105,LOCKED
1556588017835,105,LOCKED
1556588018841,104,LOCKED
1556588019822,104,LOCKED
1556588020869,103,LOCKED
1556588021824,103,LOCKED
1556588022819,102,LOCKED
1556588023805,103,LOCKED
1556588024897,109,LOCKED
1556588025804,109,LOCKED
1556588026789,111,LOCKED
1556588027808,109,LOCKED
1556588028793,105,LOCKED
1556588029778,104,LOCKED
1556588030791,104,LOCKED
1556588031870,105,LOCKED
1556588032862,103,LOCKED
1556588033762,102,LOCKED
1556588034795,104,LOCKED
1556588035762,103,LOCKED
1556588036762,100,LOCKED
1556588037770,100,LOCKED
1556588038817,100,LOCKED
1556588039756,101,LOCKED
1556588040745,100,LOCKED
1556588041749,99,LOCKED
1556588042729,96,LOCKED
1556588043818,97,LOCKED
1556588044722,97,LOCKED
1556588045739,96,LOCKED
1556588046718,95,LOCKED
1556588047707,96,LOCKED
1556588048724,96,LOCKED
1556588049721,95,LOCKED
1556588050699,94,LOCKED
1556588051713,93,LOCKED
1556588052702,92,LOCKED
1556588053701,93,LOCKED
1556588054684,93,LOCKED
1556588055686,92,LOCKED
1556588056699,92,LOCKED
1556588057685,92,LOCKED
1556588058677,91,LOCKED
1556588059658,90,LOCKED
1556588060668,90,LOCKED
1556588061662,91,LOCKED
1556588062670,91,LOCKED
1556588063662,90,LOCKED
1556588064649,91,LOCKED
1556588065635,91,LOCKED
1556588066638,91,LOCKED
1556588067650,92,LOCKED
1556588068639,92,LOCKED
1556588069623,92,LOCKED
1556588070641,93,LOCKED
1556588071636,94,LOCKED
1556588072643,94,LOCKED
1556588073721,93,LOCKED
1556588074617,93,LOCKED
1556588075608,93,LOCKED
1556588076593,94,LOCKED
1556588077609,93,LOCKED
1556588078594,93,LOCKED
1556588079597,92,LOCKED
1556588080591,91,LOCKED
1556588081640,90,LOCKED
1556588082574,90,LOCKED
1556588083595,90,LOCKED
1556588084573,90,LOCKED
1556588085606,90,LOCKED
1556588086559,88,LOCKED
1556588087567,89,LOCKED
1556588088646,89,LOCKED
1556588089562,89,LOCKED
1556588090601,87,LOCKED
1556588091549,88,LOCKED
1556588092537,88,LOCKED
1556588093534,87,LOCKED
1556588094540,88,LOCKED
1556588095533,89,LOCKED
1556588096549,90,LOCKED
1556588097587,90,LOCKED
1556588098543,87,LOCKED
1556588099522,86,LOCKED
1556588100544,86,LOCKED
1556588101517,86,LOCKED
1556588102541,86,LOCKED
1556588103544,86,LOCKED
1556588104483,85,LOCKED
1556588105543,85,LOCKED
1556588106502,85,LOCKED
1556588107478,85,LOCKED
1556588108493,84,LOCKED
1556588109496,83,LOCKED
1556588110472,82,LOCKED
1556588111475,82,LOCKED
1556588112489,82,LOCKED
1556588113458,81,LOCKED
1556588114452,82,LOCKED
1556588115452,82,LOCKED
1556588116447,82,LOCKED
1556588117551,82,LOCKED
1556588118467,82,LOCKED
1556588119452,83,LOCKED
1556588120428,83,LOCKED
1556588121423,83,LOCKED
1556588122413,83,LOCKED
1556588123422,83,LOCKED
1556588124435,84,LOCKED
1556588125416,83,LOCKED
1556588126400,83,LOCKED
1556588127474,83,LOCKED
1556588128472,85,LOCKED
1556588129397,84,LOCKED
1556588130391,85,LOCKED
1556588131397,86,LOCKED
1556588132434,86,LOCKED
1556588133379,86,LOCKED
1556588134376,85,LOCKED
1556588135369,84,LOCKED
1556588136411,83,LOCKED
1556588137362,84,LOCKED
1556588138359,83,LOCKED
1556588139396,83,LOCKED
1556588140344,83,LOCKED
1556588141352,84,LOCKED
1556588142405,84,LOCKED
1556588143336,83,LOCKED
1556588144349,83,LOCKED
1556588145330,82,LOCKED
1556588146329,82,LOCKED
1556588147337,82,LOCKED
1556588148315,82,LOCKED
1556588149338,82,LOCKED
1556588150317,81,LOCKED
1556588151329,82,LOCKED
1556588152301,80,LOCKED
1556588153311,82,LOCKED
1556588154291,78,LOCKED
1556588155291,78,LOCKED
1556588156291,78,LOCKED
1556588157311,78,LOCKED
1556588158302,78,LOCKED
1556588159284,77,LOCKED
1556588160273,76,LOCKED
1556588161268,76,LOCKED
1556588162266,76,LOCKED
1556588163267,75,LOCKED
1556588164270,75,LOCKED
1556588165267,75,LOCKED
1556588166278,74,LOCKED
1556588167258,74,LOCKED
1556588168237,74,LOCKED
1556588169234,74,LOCKED
1556588170286,74,LOCKED
1556588171251,73,LOCKED
1556588172216,73,LOCKED
1556588173243,73,LOCKED
1556588174209,72,LOCKED
1556588175225,73,LOCKED
1556588176204,74,LOCKED
1556588177209,73,LOCKED
1556588178193,74,LOCKED
1556588179279,74,LOCKED
1556588180184,74,LOCKED
1556588181199,72,LOCKED
1556588182204,73,LOCKED
1556588183186,74,LOCKED
1556588184229,74,LOCKED
1556588185177,73,LOCKED
1556588186168,74,LOCKED
1556588187181,74,LOCKED
1556588188178,74,LOCKED
1556588189150,75,LOCKED
1556588190156,76,LOCKED
1556588191165,75,LOCKED
1556588192161,74,LOCKED
1556588193160,76,LOCKED
1556588194242,76,LOCKED
1556588195138,76,LOCKED
1556588196139,76,LOCKED
1556588197139,76,LOCKED
1556588198127,76,LOCKED
1556588199120,72,LOCKED
1556588200173,72,LOCKED
1556588201208,72,LOCKED
1556588202100,72,LOCKED
1556588203106,72,LOCKED
1556588204134,72,LOCKED
1556588205124,72,LOCKED
1556588206101,72,LOCKED
1556588207102,72,ACQUIRING
1556588208095,72,ACQUIRING
1556588209147,72,ACQUIRING
1556588210086,72,ACQUIRING
1556588211071,72,LOCKED
1556588212064,94,LOCKED
1556588213101,94,LOCKED
1556588214077,94,LOCKED
1556588215074,94,LOCKED
1556588216091,93,LOCKED
1556588217071,94,LOCKED
1556588218061,94,LOCKED
1556588219042,94,LOCKED
1556588220071,94,LOCKED
1556588221062,95,LOCKED
1556588222049,97,LOCKED
1556588223024,96,LOCKED
1556588224039,95,LOCKED
1556588225035,95,LOCKED
1556588226016,95,LOCKED
1556588227014,95,LOCKED
1556588228025,95,LOCKED
1556588229009,96,LOCKED
1556588230015,95,LOCKED
1556588231079,95,LOCKED
1556588231995,95,LOCKED
1556588232995,95,LOCKED
1556588234012,96,LOCKED
1556588234996,96,LOCKED
1556588235979,95,LOCKED
1556588236966,95,LOCKED
1556588237995,95,LOCKED
1556588238973,95,LOCKED
1556588239960,95,LOCKED
1556588241004,95,LOCKED
1556588241986,94,LOCKED
1556588242976,95,LOCKED
1556588244006,94,LOCKED
1556588244967,93,LOCKED
1556588245930,92,LOCKED
1556588246939,91,LOCKED
1556588247940,91,LOCKED
1556588248937,91,LOCKED
1556588249925,90,LOCKED
1556588250923,91,LOCKED
1556588251913,91,LOCKED
1556588252919,91,LOCKED
1556588253919,91,LOCKED
1556588254908,91,LOCKED
1556588255929,91,LOCKED
1556588256890,90,LOCKED
1556588257887,90,LOCKED
1556588258939,92,LOCKED
1556588259878,92,LOCKED
1556588260877,92,LOCKED
1556588261870,92,LOCKED
1556588262871,91,LOCKED
1556588263888,90,LOCKED
1556588264926,90,LOCKED
1556588265866,90,LOCKED
1556588266897,90,LOCKED
1556588267844,88,LOCKED
1556588268870,88,LOCKED
1556588269841,88,LOCKED
1556588270837,87,LOCKED
1556588271856,87,LOCKED
1556588272894,88,LOCKED
1556588273897,86,LOCKED
1556588274853,86,LOCKED
1556588275832,86,LOCKED
1556588276821,86,LOCKED
1556588277820,86,LOCKED
1556588278814,92,LOCKED
1556588279814,92,LOCKED
1556588280814,91,LOCKED
1556588281829,91,LOCKED
1556588282793,90,LOCKED
1556588283789,90,LOCKED
1556588284781,90,LOCKED
1556588285797,89,LOCKED
1556588286781,89,LOCKED
1556588287797,89,LOCKED
1556588288782,88,LOCKED
1556588289777,89,LOCKED
1556588290769,89,LOCKED
1556588291766,88,LOCKED
1556588292771,88,LOCKED
1556588293743,89,LOCKED
1556588294757,90,LOCKED
1556588295751,90,LOCKED
1556588296741,90,LOCKED
1556588297752,91,LOCKED
1556588298731,97,LOCKED
1556588299739,94,LOCKED
1556588300741,94,LOCKED
1556588301755,94,LOCKED
1556588302721,94,LOCKED
1556588303729,94,LOCKED
1556588304708,94,LOCKED
1556588305718,94,LOCKED
1556588306688,94,LOCKED
1556588307715,94,LOCKED
1556588308715,100,LOCKED
1556588309699,97,LOCKED
1556588310726,97,LOCKED
1556588311691,97,LOCKED
1556588312692,96,LOCKED
1556588313696,97,LOCKED
1556588314690,95,LOCKED
1556588315666,95,LOCKED
1556588316660,95,LOCKED
1556588317671,93,LOCKED
1556588318657,93,LOCKED
1556588319645,94,LOCKED
1556588320640,94,LOCKED
1556588321644,94,LOCKED
1556588322655,93,LOCKED
1556588323636,93,LOCKED
1556588324714,94,LOCKED
1556588325641,94,LOCKED
1556588326624,94,LOCKED
1556588327635,93,LOCKED
1556588328616,94,LOCKED
1556588329609,93,LOCKED
1556588330612,91,LOCKED
1556588331626,92,LOCKED
1556588332658,92,LOCKED
1556588333673,90,LOCKED
1556588334584,91,LOCKED
1556588335617,90,LOCKED
1556588336584,89,LOCKED
1556588337599,88,LOCKED
1556588338602,88,LOCKED
1556588339563,88,LOCKED
1556588340565,88,LOCKED
1556588341574,87,LOCKED
1556588342571,88,LOCKED
1556588343561,89,LOCKED
1556588344540,88,LOCKED
1556588345601,87,LOCKED
1556588346614,87,LOCKED
1556588347607,86,LOCKED
1556588348546,84,LOCKED
1556588349537,84,LOCKED
1556588350547,84,LOCKED
1556588351579,84,LOCKED
1556588352513,84,LOCKED
1556588353534,84,LOCKED
1556588354515,84,LOCKED
1556588355509,84,LOCKED
1556588356507,83,LOCKED
1556588357501,83,LOCKED
1556588358494,84,LOCKED
1556588359507,84,LOCKED
1556588360488,84,LOCKED
1556588361495,84,LOCKED
1556588362495,85,LOCKED
1556588363474,85,LOCKED
1556588364483,85,LOCKED
1556588365461,84,LOCKED
1556588366457,83,LOCKED
1556588367538,83,LOCKED
1556588368452,83,LOCKED
1556588369471,82,LOCKED
1556588370448,81,LOCKED
1556588371443,81,LOCKED
1556588372431,81,LOCKED
1556588373468,81,LOCKED
1556588374452,81,LOCKED
1556588375504,79,LOCKED
1556588376442,79,LOCKED
1556588377427,80,LOCKED
1556588378407,80,LOCKED
1556588379433,78,LOCKED
1556588380432,77,LOCKED
1556588381409,77,LOCKED
1556588382461,77,LOCKED
1556588383467,78,LOCKED
1556588384385,78,LOCKED
1556588385390,78,LOCKED
1556588386387,79,LOCKED
1556588387380,79,LOCKED
1556588388427,79,LOCKED
1556588389390,79,LOCKED
1556588390445,78,LOCKED
1556588391363,77,LOCKED
1556588392435,78,LOCKED
1556588393384,77,LOCKED
1556588394361,78,LOCKED
1556588395372,78,LOCKED
1556588396353,79,LOCKED
1556588397338,78,LOCKED
1556588398366,77,LOCKED
1556588399347,77,LOCKED
1556588400339,76,LOCKED
1556588401343,75,LOCKED
1556588402317,74,LOCKED
1556588403334,74,LOCKED
1556588404351,73,LOCKED
1556588405339,73,LOCKED
1556588406338,74,LOCKED
1556588407301,74,LOCKED
1556588408330,74,LOCKED
1556588409292,73,LOCKED
1556588410282,73,LOCKED
1556588411276,71,LOCKED
1556588412282,71,LOCKED
1556588413286,71,LOCKED
1556588414275,72,LOCKED
1556588415291,72,LOCKED
1556588416263,48,LOCKED
1556588417280,48,LOCKED
1556588418268,49,LOCKED
1556588419260,50,LOCKED
1556588420242,50,LOCKED
1556588421257,51,LOCKED
1556588422245,52,LOCKED
1556588423252,52,LOCKED
1556588424250,52,LOCKED
1556588425223,52,LOCKED
1556588426228,52,LOCKED
1556588427227,52,LOCKED
1556588428229,52,LOCKED
1556588429230,52,LOCKED
1556588430210,52,LOCKED
1556588431200,52,LOCKED
1556588432206,52,LOCKED
1556588433266,52,LOCKED
1556588434198,52,LOCKED
1556588435277,52,LOCKED
1556588436178,52,LOCKED
1556588437206,52,LOCKED
1556588438199,52,LOCKED
1556588439188,52,LOCKED
1556588440195,52,LOCKED
1556588441227,53,LOCKED
1556588442230,53,LOCKED
1556588443173,92,LOCKED
1556588444153,93,LOCKED
1556588445156,93,LOCKED
1556588446146,93,LOCKED
1556588447164,92,LOCKED
1556588448157,92,LOCKED
1556588449152,91,LOCKED
1556588450180,91,LOCKED
1556588451155,91,LOCKED
1556588452136,91,LOCKED
1556588453146,91,LOCKED
1556588454142,95,LOCKED
1556588455125,95,LOCKED
1556588456161,94,LOCKED
1556588457103,92,LOCKED
1556588458127,92,LOCKED
1556588459102,94,LOCKED
1556588460090,92,LOCKED
1556588461097,92,LOCKED
1556588462089,91,LOCKED
1556588463079,90,LOCKED
1556588464172,89,LOCKED
1556588465089,90,LOCKED
1556588466106,91,LOCKED
1556588467064,91,LOCKED
1556588468093,91,LOCKED
1556588469073,91,LOCKED
1556588470066,92,LOCKED
1556588471149,92,LOCKED
1556588472086,91,LOCKED
1556588473060,91,LOCKED
1556588474049,91,LOCKED
1556588475054,91,LOCKED
1556588476075,91,LOCKED
1556588477084,91,LOCKED
1556588478054,92,LOCKED
1556588479036,92,LOCKED
1556588480018,94,LOCKED
1556588481025,92,LOCKED
1556588482033,92,LOCKED
1556588483014,92,LOCKED
1556588484005,91,LOCKED
1556588485001,92,LOCKED
1556588486016,94,LOCKED
1556588486998,92,LOCKED
1556588487982,92,LOCKED
1556588488976,91,LOCKED
1556588490021,91,LOCKED
1556588490987,90,LOCKED
1556588492047,89,LOCKED
1556588492972,89,LOCKED
1556588493974,88,LOCKED
1556588494972,88,LOCKED
1556588495991,88,LOCKED
1556588496977,88,LOCKED
1556588497952,87,LOCKED
1556588498960,86,LOCKED
1556588499945,85,LOCKED
1556588500966,80,LOCKED
1556588501942,80,LOCKED
1556588502922,80,LOCKED
1556588503968,80,LOCKED
1556588504915,80,LOCKED
1556588505983,80,LOCKED
1556588506937,80,LOCKED
1556588508004,80,LOCKED
1556588508918,80,LOCKED
1556588509915,79,LOCKED
1556588510892,79,LOCKED
1556588511910,79,LOCKED
1556588512893,79,LOCKED
1556588513902,80,LOCKED
1556588514881,81,LOCKED
1556588515885,80,LOCKED
1556588516864,80,LOCKED
1556588517896,80,LOCKED
1556588518875,79,LOCKED
1556588519924,79,LOCKED
1556588520920,78,LOCKED
1556588521869,78,LOCKED
1556588522941,78,LOCKED
1556588523839,78,LOCKED
1556588524859,78,LOCKED
1556588525865,78,LOCKED
1556588526868,78,LOCKED
1556588527825,77,LOCKED
1556588528831,76,LOCKED
1556588529836,74,LOCKED
1556588530853,74,LOCKED
1556588531831,75,LOCKED
1556588532801,75,LOCKED
1556588533819,76,LOCKED
1556588534839,77,LOCKED
1556588535807,77,LOCKED
1556588536814,76,LOCKED
1556588537787,77,LOCKED
1556588538791,77,LOCKED
1556588539796,77,LOCKED
1556588540769,77,LOCKED
1556588541773,77,LOCKED
1556588542773,98,LOCKED
1556588543796,98,LOCKED
1556588544767,100,LOCKED
1556588545751,98,LOCKED
1556588546773,97,LOCKED
1556588547761,96,LOCKED
1556588548740,95,LOCKED
1556588549759,95,LOCKED
1556588550766,94,LOCKED
1556588551746,94,LOCKED
1556588552747,93,LOCKED
1556588553724,94,LOCKED
1556588554732,92,LOCKED
1556588555731,92,LOCKED
1556588556718,92,LOCKED
1556588557734,97,LOCKED
1556588558738,96,LOCKED
1556588559712,97,LOCKED
1556588560696,95,LOCKED
1556588561698,95,LOCKED
1556588562697,95,LOCKED
1556588563707,95,LOCKED
1556588564684,96,LOCKED
1556588565672,96,LOCKED
1556588566678,95,LOCKED
1556588567678,96,LOCKED
1556588568677,97,LOCKED
1556588569676,95,LOCKED
1556588570666,95,LOCKED
1556588571670,95,LOCKED
1556588572674,95,LOCKED
1556588573652,97,LOCKED
1556588574650,95,LOCKED
1556588575641,94,LOCKED
1556588576638,94,LOCKED
1556588577642,93,LOCKED
1556588578638,93,LOCKED
1556588579644,92,LOCKED
1556588580632,92,LOCKED
1556588581636,91,LOCKED
1556588582616,92,LOCKED
1556588583608,92,LOCKED
1556588584637,94,LOCKED
1556588585604,93,LOCKED
1556588586652,93,LOCKED
1556588587643,92,LOCKED
1556588588605,92,LOCKED
1556588589604,91,LOCKED
1556588590624,90,LOCKED
1556588591592,90,LOCKED
1556588592594,91,LOCKED
1556588593634,91,LOCKED
1556588594582,92,LOCKED
1556588595565,92,LOCKED
1556588596560,91,LOCKED
1556588597559,91,LOCKED
1556588598567,89,LOCKED
1556588599559,89,LOCKED
1556588600569,88,LOCKED
1556588601552,88,LOCKED
1556588602621,89,LOCKED
1556588603540,89,LOCKED
1556588604538,90,LOCKED
1556588605536,92,LOCKED
1556588606582,91,LOCKED
1556588607578,92,LOCKED
1556588608511,90,LOCKED
1556588609602,92,LOCKED
1556588610501,90,LOCKED
1556588611527,92,LOCKED
1556588612534,94,LOCKED
1556588613507,94,LOCKED
1556588614488,93,LOCKED
1556588615477,94,LOCKED
1556588616482,93,LOCKED
1556588617494,90,LOCKED
1556588618472,91,LOCKED
1556588619483,90,LOCKED
1556588620491,89,LOCKED
1556588621472,90,LOCKED
1556588622461,90,LOCKED
1556588623519,90,LOCKED
1556588624460,91,LOCKED
1556588625449,92,LOCKED
1556588626458,92,LOCKED
1556588627462,92,LOCKED
1556588628467,91,LOCKED
1556588629439,91,LOCKED
1556588630505,92,LOCKED
1556588631501,91,LOCKED
1556588632440,94,LOCKED
1556588633414,92,LOCKED
1556588634413,92,LOCKED
1556588635406,92,LOCKED
1556588636398,91,LOCKED
1556588637417,91,LOCKED
1556588638404,92,LOCKED
1556588639414,91,LOCKED
1556588640380,91,LOCKED
1556588641378,91,LOCKED
1556588642380,94,LOCKED
1556588643438,90,LOCKED
1556588644438,91,LOCKED
1556588645394,92,LOCKED
1556588646363,91,LOCKED
1556588647378,92,LOCKED
1556588648375,92,LOCKED
1556588649354,94,LOCKED
1556588650348,93,LOCKED
1556588651351,93,LOCKED
1556588652349,94,LOCKED
1556588653344,93,LOCKED
1556588654346,91,LOCKED
1556588655347,91,LOCKED
1556588656321,90,LOCKED
1556588657315,91,LOCKED
1556588658326,89,LOCKED
1556588659326,89,LOCKED
1556588660322,89,LOCKED
1556588661317,88,LOCKED
1556588662313,88,LOCKED
1556588663294,88,LOCKED
1556588664304,88,LOCKED
1556588665298,88,LOCKED
1556588666306,89,LOCKED
1556588667300,88,LOCKED
1556588668293,89,LOCKED
1556588669291,90,LOCKED
1556588670306,90,LOCKED
1556588671277,90,LOCKED
1556588672277,90,LOCKED
1556588673266,89,LOCKED
1556588674251,87,LOCKED
1556588675247,87,LOCKED
1556588676253,86,LOCKED
1556588677249,88,LOCKED
1556588678252,88,LOCKED
1556588679279,89,LOCKED
1556588680245,89,LOCKED
1556588681237,88,LOCKED
1556588682310,87,LOCKED
1556588683226,87,LOCKED
1556588684243,87,LOCKED
1556588685233,87,LOCKED
1556588686208,87,LOCKED
1556588687222,86,LOCKED
1556588688218,86,LOCKED
1556588689282,85,LOCKED
1556588690202,85,LOCKED
1556588691202,84,LOCKED
1556588692183,84,LOCKED
1556588693171,84,LOCKED
1556588694209,84,LOCKED
1556588695186,85,LOCKED
1556588696190,84,LOCKED
1556588697181,84,LOCKED
1556588698176,83,LOCKED
1556588699173,83,LOCKED
1556588700208,83,LOCKED
1556588701185,83,LOCKED
1556588702174,84,LOCKED
1556588703234,84,LOCKED
1556588704133,84,LOCKED
1556588705141,84,LOCKED
1556588706126,84,LOCKED
1556588707141,83,LOCKED
1556588708120,83,LOCKED
1556588709181,84,LOCKED
1556588710116,83,LOCKED
1556588711192,83,LOCKED
1556588712101,83,LOCKED
1556588713120,83,LOCKED
1556588714109,83,LOCKED
1556588715121,84,LOCKED
1556588716144,84,LOCKED
1556588717095,85,LOCKED
1556588718081,85,LOCKED
1556588719073,85,LOCKED
1556588720089,86,LOCKED
1556588721089,86,LOCKED
1556588722113,86,LOCKED
1556588723063,86,LOCKED
1556588724058,87,LOCKED
1556588725058,87,LOCKED
1556588726061,88,LOCKED
1556588727057,89,LOCKED
1556588728066,89,LOCKED
1556588729068,91,LOCKED
1556588730094,91,LOCKED
1556588731042,95,LOCKED
1556588732043,97,LOCKED
1556588733018,96,LOCKED
1556588734024,96,LOCKED
1556588735013,96,LOCKED
1556588736031,96,LOCKED
1556588737004,96,LOCKED
1556588738012,95,LOCKED
1556588739020,95,LOCKED
1556588739995,94,LOCKED
1556588740996,93,LOCKED
1556588741990,91,LOCKED
1556588742986,90,LOCKED
1556588744059,91,LOCKED
1556588745067,91,LOCKED
1556588745972,90,LOCKED
1556588746967,89,LOCKED
1556588747967,89,LOCKED
1556588748960,87,LOCKED
1556588749992,87,LOCKED
1556588750973,88,LOCKED
1556588752028,87,LOCKED
1556588752981,87,LOCKED
1556588753936,87,LOCKED
1556588754974,87,LOCKED
1556588755963,86,LOCKED
1556588756945,85,LOCKED
1556588757954,84,LOCKED
1556588758914,84,LOCKED
1556588759938,85,LOCKED
1556588760921,85,LOCKED
1556588761902,85,LOCKED
1556588762903,85,LOCKED
1556588763912,89,LOCKED
1556588764921,88,LOCKED
1556588765918,86,LOCKED
1556588766955,85,LOCKED
1556588767886,86,LOCKED
1556588768974,86,LOCKED
1556588769891,85,LOCKED
1556588770884,85,LOCKED
1556588771868,84,LOCKED
1556588772862,90,LOCKED
1556588773879,90,LOCKED
1556588774862,88,LOCKED
1556588775849,87,LOCKED
1556588776860,87,LOCKED
1556588777876,86,LOCKED
1556588778842,86,LOCKED
1556588779845,86,LOCKED
1556588780843,86,LOCKED
1556588781829,86,LOCKED
1556588782839,86,LOCKED
1556588783814,85,LOCKED
1556588784812,85,LOCKED
1556588785816,83,LOCKED
1556588786829,84,LOCKED
1556588787808,83,LOCKED
1556588788803,84,LOCKED
1556588789810,84,LOCKED
1556588790792,82,LOCKED
1556588791942,81,LOCKED
1556588792793,75,LOCKED
1556588793796,75,LOCKED
1556588794786,74,LOCKED
1556588795786,74,LOCKED
1556588796772,74,LOCKED
1556588797779,74,LOCKED
1556588798771,74,LOCKED
1556588799769,74,LOCKED
1556588800758,73,LOCKED
1556588801756,74,LOCKED
1556588802758,74,LOCKED
1556588803763,74,LOCKED
1556588804750,73,LOCKED
1556588805741,74,LOCKED
1556588806745,74,LOCKED
1556588807730,74,LOCKED
1556588808720,74,LOCKED
1556588809718,74,LOCKED
1556588810732,74,LOCKED
1556588811729,74,LOCKED
1556588812711,74,LOCKED
1556588813699,73,LOCKED
1556588814711,73,LOCKED
1556588815714,73,LOCKED
1556588816859,73,LOCKED
1556588817702,72,LOCKED
1556588818695,73,LOCKED
1556588819686,73,LOCKED
1556588820687,72,LOCKED
1556588821669,71,LOCKED
1556588822673,71,LOCKED
1556588823666,71,LOCKED
1556588824672,71,LOCKED
1556588825658,71,LOCKED
1556588826828,70,LOCKED
1556588827655,71,LOCKED
1556588828650,72,LOCKED
1556588829655,72,LOCKED
1556588830649,72,LOCKED
1556588831640,73,LOCKED
1556588832632,74,LOCKED
1556588833635,74,LOCKED
1556588834625,74,LOCKED
1556588835613,74,LOCKED
1556588836622,75,LOCKED
1556588837617,75,LOCKED
1556588838621,75,LOCKED
1556588839619,75,LOCKED
1556588840602,75,LOCKED
1556588841618,75,LOCKED
1556588842587,75,LOCKED
1556588843588,74,LOCKED
1556588844585,74,LOCKED
1556588845583,73,LOCKED
1556588846578,73,LOCKED
1556588847580,72,LOCKED
1556588848564,72,LOCKED
1556588849563,72,LOCKED
1556588850564,73,LOCKED
1556588851551,74,LOCKED
1556588852566,74,LOCKED
1556588853554,74,LOCKED
1556588854538,74,LOCKED
1556588855536,74,LOCKED
1556588856540,74,LOCKED
1556588857543,73,LOCKED
1556588858542,73,LOCKED
1556588859526,73,LOCKED
1556588860538,75,LOCKED
1556588861524,75,LOCKED
1556588862518,75,LOCKED
1556588863522,73,LOCKED
1556588864506,73,LOCKED
1556588865506,73,LOCKED
1556588866503,73,LOCKED
1556588867509,73,LOCKED
1556588868498,73,LOCKED
1556588869524,73,LOCKED
1556588870491,73,LOCKED
1556588871475,73,LOCKED
1556588872474,74,LOCKED
1556588873522,74,LOCKED
1556588874478,73,LOCKED
1556588875466,73,LOCKED
1556588876459,74,LOCKED
1556588877489,74,LOCKED
1556588878468,74,LOCKED
1556588879489,73,LOCKED
1556588880457,73,LOCKED
1556588881446,74,LOCKED
1556588882457,74,LOCKED
1556588883439,74,LOCKED
1556588884422,74,LOCKED
1556588885446,74,LOCKED
1556588886438,74,ACQUIRING
1556588887415,74,ACQUIRING
1556588888425,74,ACQUIRING
1556588889415,74,ACQUIRING
1556588890398,74,ACQUIRING
1556588891418,74,ACQUIRING
1556588892406,74,ACQUIRING
1556588893404,74,ACQUIRING
1556588894393,74,ACQUIRING
1556588895392,74,ACQUIRING
1556588896382,76,LOCKED
1556588897382,76,LOCKED
1556588898400,76,LOCKED
1556588899407,77,LOCKED
1556588900360,77,LOCKED
1556588901376,76,LOCKED
1556588902360,76,LOCKED
1556588903355,76,LOCKED
1556588904362,76,LOCKED
1556588905356,76,LOCKED
1556588906336,76,LOCKED
1556588907332,76,LOCKED
1556588908335,77,LOCKED
1556588909323,75,LOCKED
1556588910337,75,LOCKED
1556588911318,75,LOCKED
1556588912317,75,LOCKED
1556588913322,75,LOCKED
1556588914326,74,LOCKED
1556588915318,74,LOCKED
1556588916302,74,LOCKED
1556588917296,74,LOCKED
1556588918307,74,LOCKED
1556588919308,74,LOCKED
1556588920293,74,LOCKED
1556588921273,74,LOCKED
1556588922302,74,LOCKED
1556588923288,74,LOCKED
1556588924308,74,LOCKED
1556588925360,74,ACQUIRING
1556588926321,74,ACQUIRING
1556588927266,74,LOCKED
1556588928256,74,LOCKED
1556588929254,74,LOCKED
1556588930258,74,LOCKED
1556588931256,74,LOCKED
1556588932234,74,LOCKED
1556588933249,72,LOCKED
1556588934235,73,LOCKED
1556588935228,74,LOCKED
1556588936220,74,LOCKED
1556588937210,75,LOCKED
1556588938299,75,LOCKED
1556588939404,76,LOCKED
1556588940208,75,LOCKED
1556588941207,74,LOCKED
1556588942202,72,LOCKED
1556588943204,73,LOCKED
1556588944188,73,LOCKED
1556588945185,72,LOCKED
1556588946186,72,LOCKED
1556588947194,71,LOCKED
1556588948170,71,LOCKED
1556588949178,70,LOCKED
1556588950182,70,LOCKED
1556588951166,69,LOCKED
1556588952172,69,LOCKED
1556588953180,69,LOCKED
1556588954159,68,LOCKED
1556588955158,70,LOCKED
1556588956153,71,LOCKED
1556588957149,70,LOCKED
1556588958141,70,LOCKED
1556588959138,70,LOCKED
1556588960140,70,LOCKED
1556588961127,71,LOCKED
1556588962147,71,LOCKED
1556588963116,71,LOCKED
1556588964124,71,LOCKED
1556588965122,71,LOCKED
1556588966109,71,LOCKED
1556588967158,71,LOCKED
1556588968115,70,LOCKED
1556588969096,70,LOCKED
1556588970097,69,LOCKED
1556588971084,70,LOCKED
1556588972088,70,LOCKED
1556588973082,70,LOCKED
1556588974069,70,LOCKED
1556588975072,70,LOCKED
1556588976124,71,LOCKED
1556588977068,70,LOCKED
1556588978071,70,LOCKED
1556588979054,70,LOCKED
1556588980057,70,LOCKED
1556588981053,71,LOCKED
1556588982057,71,LOCKED
1556588983047,71,LOCKED
1556588984077,72,LOCKED
1556588985036,71,LOCKED
1556588986039,71,LOCKED
1556588987035,71,LOCKED
1556588988016,70,LOCKED
1556588989051,70,LOCKED
1556588990029,70,LOCKED
1556588991008,71,LOCKED
1556588991998,71,LOCKED
1556588993003,72,LOCKED
1556588994002,72,LOCKED
1556588995006,72,LOCKED
1556588996069,73,LOCKED
1556588997008,73,LOCKED
1556588997991,74,LOCKED
1556588998999,74,LOCKED
1556588999991,85,LOCKED
1556589001036,85,LOCKED
1556589001974,83,LOCKED
1556589002969,83,LOCKED
1556589003990,85,LOCKED
1556589004983,85,LOCKED
1556589005987,87,LOCKED
1556589006939,86,LOCKED
1556589007947,86,LOCKED
1556589008951,86,LOCKED
1556589009969,86,LOCKED
1556589010922,85,LOCKED
1556589011939,84,LOCKED
1556589013025,87,LOCKED
1556589013944,85,LOCKED
1556589014947,85,LOCKED
1556589016007,85,LOCKED
1556589016919,85,LOCKED
1556589017923,85,LOCKED
1556589018926,85,LOCKED
1556589019897,87,LOCKED
1556589020894,92,LOCKED
1556589021889,90,LOCKED
1556589022892,90,LOCKED
1556589023918,89,LOCKED
1556589024885,89,LOCKED
1556589025874,88,LOCKED
1556589026880,87,LOCKED
1556589027869,87,LOCKED
1556589028860,88,LOCKED
1556589029855,90,LOCKED
1556589030858,91,LOCKED
1556589031862,91,LOCKED
1556589032874,91,LOCKED
1556589033858,90,LOCKED
1556589034842,89,LOCKED
1556589035858,89,LOCKED
1556589036842,89,LOCKED
1556589037847,90,LOCKED
1556589038831,90,LOCKED
1556589039827,89,LOCKED
1556589040903,89,LOCKED
1556589041823,89,LOCKED
1556589042832,89,LOCKED
1556589043805,90,LOCKED
1556589044807,90,LOCKED
1556589045803,89,LOCKED
1556589046782,89,LOCKED
1556589047784,88,LOCKED
1556589048786,88,LOCKED
1556589049769,89,LOCKED
1556589050771,89,LOCKED
1556589051768,89,LOCKED
1556589052763,89,LOCKED
1556589053767,88,LOCKED
1556589054776,87,LOCKED
1556589055747,87,LOCKED
1556589056751,87,LOCKED
1556589057744,87,LOCKED
1556589058788,87,LOCKED
1556589059736,87,LOCKED
1556589060727,89,LOCKED
1556589061757,91,LOCKED
1556589062748,91,LOCKED
1556589063757,91,LOCKED
1556589064728,91,LOCKED
1556589065728,91,LOCKED
1556589066720,90,LOCKED
1556589067732,90,LOCKED
1556589068696,89,LOCKED
1556589069694,88,LOCKED
1556589070716,88,LOCKED
1556589071694,93,LOCKED
1556589072707,92,LOCKED
1556589073712,91,LOCKED
1556589074713,90,LOCKED
1556589075685,90,LOCKED
1556589076750,92,LOCKED
1556589077684,91,LOCKED
1556589078712,91,LOCKED
1556589079682,90,LOCKED
1556589080666,90,LOCKED
1556589081667,90,LOCKED
1556589082647,90,LOCKED
1556589083645,90,LOCKED
1556589084677,90,LOCKED
1556589085655,89,LOCKED
1556589086628,89,LOCKED
1556589087635,88,LOCKED
1556589088638,89,LOCKED
1556589089634,89,LOCKED
1556589090675,90,LOCKED
1556589091629,92,LOCKED
1556589092618,94,LOCKED
1556589093609,92,LOCKED
1556589094612,92,LOCKED
1556589095613,91,LOCKED
1556589096617,90,LOCKED
1556589097617,90,LOCKED
1556589098593,90,LOCKED
1556589099586,90,LOCKED
1556589100613,90,LOCKED
1556589101609,89,LOCKED
1556589102613,88,LOCKED
1556589103592,89,LOCKED
1556589104569,89,LOCKED
1556589105592,88,LOCKED
1556589106583,90,LOCKED
1556589107575,90,LOCKED
1556589108557,94,LOCKED
1556589109575,94,LOCKED
1556589110543,92,LOCKED
1556589111592,91,LOCKED
1556589112536,91,LOCKED
1556589113540,90,LOCKED
1556589114526,89,LOCKED
1556589115520,89,LOCKED
1556589116536,89,LOCKED
1556589117533,89,LOCKED
1556589118550,89,LOCKED
1556589119535,89,LOCKED
1556589120505,90,LOCKED
1556589121499,88,LOCKED
1556589122612,87,LOCKED
1556589123484,87,LOCKED
1556589124532,92,LOCKED
1556589125490,92,LOCKED
1556589126479,92,LOCKED
1556589127510,92,LOCKED
1556589128482,92,LOCKED
1556589129464,92,LOCKED
1556589130488,93,LOCKED
1556589131479,93,LOCKED
1556589132466,92,LOCKED
1556589133477,92,LOCKED
1556589134491,92,LOCKED
1556589135457,91,LOCKED
1556589136448,91,LOCKED
1556589137478,91,LOCKED
1556589138461,91,LOCKED
1556589139436,90,LOCKED
1556589140438,90,LOCKED
1556589141437,89,LOCKED
1556589142434,89,LOCKED
1556589143405,88,LOCKED
1556589144427,88,LOCKED
1556589145395,87,LOCKED
1556589146434,87,LOCKED
1556589147387,88,LOCKED
1556589148402,88,LOCKED
1556589149386,88,LOCKED
1556589150390,88,LOCKED
1556589151392,89,LOCKED
1556589152369,88,LOCKED
1556589153367,89,LOCKED
1556589154382,88,LOCKED
1556589155376,89,LOCKED
1556589156367,88,LOCKED
1556589157365,88,LOCKED
1556589158343,89,LOCKED
1556589159382,88,LOCKED
1556589160347,88,LOCKED
1556589161344,87,LOCKED
1556589162367,86,LOCKED
1556589163458,86,LOCKED
1556589164337,85,LOCKED
1556589165340,86,LOCKED
1556589166333,85,LOCKED
1556589167347,84,LOCKED
1556589168338,84,LOCKED
1556589169335,85,LOCKED
1556589170323,84,LOCKED
1556589171302,85,LOCKED
1556589172307,85,LOCKED
1556589173336,85,LOCKED
1556589174422,85,LOCKED
1556589175283,86,LOCKED
1556589176320,86,LOCKED
1556589177303,85,LOCKED
1556589178270,85,LOCKED
1556589179281,86,LOCKED
1556589180320,86,LOCKED
1556589181253,86,LOCKED
1556589182275,86,LOCKED
1556589183267,87,LOCKED
1556589184295,87,LOCKED
1556589185258,87,LOCKED
1556589186252,88,LOCKED
1556589187277,87,LOCKED
1556589188318,87,LOCKED
1556589189248,87,LOCKED
1556589190229,88,LOCKED
1556589191268,88,LOCKED
1556589192227,88,LOCKED
1556589193232,88,LOCKED
1556589194225,88,LOCKED
1556589195231,88,LOCKED
1556589196209,89,LOCKED
1556589197210,89,LOCKED
1556589198202,89,LOCKED
1556589199212,89,LOCKED
1556589200181,88,LOCKED
1556589201176,88,LOCKED
1556589202187,88,LOCKED
1556589203173,88,LOCKED
1556589204205,88,LOCKED
1556589205211,89,LOCKED
1556589206213,88,LOCKED
1556589207152,87,LOCKED
1556589208239,88,LOCKED
1556589209178,87,LOCKED
1556589210229,87,LOCKED
1556589211168,87,LOCKED
1556589212166,87,LOCKED
1556589213129,86,LOCKED
1556589214163,86,LOCKED
1556589215152,85,LOCKED
1556589216137,85,LOCKED
1556589217154,85,LOCKED
1556589218115,84,LOCKED
1556589219119,84,LOCKED
1556589220145,85,LOCKED
1556589221111,85,LOCKED
1556589222127,85,LOCKED
1556589223121,85,LOCKED
1556589224093,85,LOCKED
1556589225093,84,LOCKED
1556589226095,84,LOCKED
1556589227095,83,LOCKED
1556589228096,83,LOCKED
1556589229072,83,LOCKED
1556589230128,82,LOCKED
1556589231082,82,LOCKED
1556589232072,82,LOCKED
1556589233062,81,LOCKED
1556589234048,82,LOCKED
1556589235083,80,LOCKED
1556589236058,80,LOCKED
1556589237055,81,LOCKED
1556589238064,80,LOCKED
1556589239030,79,LOCKED
1556589240043,80,LOCKED
1556589241019,80,LOCKED
1556589242046,80,LOCKED
1556589243014,80,LOCKED
1556589244042,79,LOCKED
1556589245017,78,LOCKED
1556589246000,78,LOCKED
1556589247037,79,LOCKED
1556589248006,79,LOCKED
1556589249010,80,LOCKED
1556589249983,80,LOCKED
1556589251003,81,LOCKED
1556589251997,81,LOCKED
1556589252994,81,LOCKED
1556589253993,81,LOCKED
1556589255007,81,LOCKED
1556589255972,81,LOCKED
1556589256974,82,LOCKED
1556589257975,82,LOCKED
1556589259056,82,LOCKED
1556589259953,83,LOCKED
1556589260976,83,LOCKED
1556589261970,84,LOCKED
1556589262937,85,LOCKED
1556589263956,85,LOCKED
1556589264948,84,LOCKED
1556589265935,84,LOCKED
1556589266954,84,LOCKED
1556589267996,84,LOCKED
1556589268936,84,LOCKED
1556589269947,84,LOCKED
1556589270918,84,LOCKED
1556589271927,84,LOCKED
1556589272944,85,LOCKED
1556589273910,85,LOCKED
1556589274925,84,LOCKED
1556589275896,84,LOCKED
1556589276893,84,LOCKED
1556589277912,84,LOCKED
1556589278915,84,LOCKED
1556589279880,85,LOCKED
1556589280888,85,LOCKED
1556589281865,86,LOCKED
1556589282869,86,LOCKED
1556589283856,86,LOCKED
1556589284906,86,LOCKED
1556589285859,85,LOCKED
1556589287048,84,LOCKED
1556589287853,83,LOCKED
1556589288856,83,LOCKED
1556589289861,82,LOCKED
1556589290857,82,LOCKED
1556589291842,82,LOCKED
1556589292837,82,LOCKED
1556589293913,82,LOCKED
1556589294876,82,LOCKED
1556589295849,81,LOCKED
1556589296806,81,LOCKED
1556589297886,81,LOCKED
1556589298817,79,LOCKED
1556589299786,79,LOCKED
1556589300879,80,LOCKED
1556589301796,80,LOCKED
1556589302778,81,LOCKED
1556589303807,81,LOCKED
1556589304820,82,LOCKED
1556589305813,82,LOCKED
1556589306764,82,LOCKED
1556589307784,85,LOCKED
1556589308766,85,LOCKED
1556589309789,85,LOCKED
1556589310746,84,LOCKED
1556589311750,82,LOCKED
1556589312754,82,LOCKED
1556589313749,82,LOCKED
1556589314740,81,LOCKED
1556589315771,80,LOCKED
1556589316744,80,LOCKED
1556589317744,80,LOCKED
1556589318755,80,LOCKED
1556589319722,79,LOCKED
1556589320733,79,LOCKED
1556589321718,79,LOCKED
1556589322757,80,LOCKED
1556589323709,79,LOCKED
1556589324700,78,LOCKED
1556589325692,78,LOCKED
1556589326683,79,LOCKED
1556589327708,79,LOCKED
1556589328724,79,LOCKED
1556589329684,79,LOCKED
1556589330687,80,LOCKED
1556589331684,79,LOCKED
1556589332687,79,LOCKED
1556589333662,79,LOCKED
1556589334672,77,LOCKED
1556589335649,69,LOCKED
1556589336676,69,LOCKED
1556589337702,68,LOCKED
1556589338659,69,LOCKED
1556589339663,69,LOCKED
1556589340643,69,LOCKED
1556589341628,68,LOCKED
1556589342680,68,LOCKED
1556589343658,69,LOCKED
1556589344630,70,LOCKED
1556589345608,70,LOCKED
1556589346647,70,LOCKED
1556589347625,70,LOCKED
1556589348657,71,LOCKED
1556589349612,70,LOCKED
1556589350595,70,LOCKED
1556589351640,70,LOCKED
1556589352602,70,LOCKED
1556589353582,71,LOCKED
1556589354595,71,LOCKED
1556589355568,70,LOCKED
1556589356570,70,LOCKED
1556589357563,71,LOCKED
1556589358568,72,LOCKED
1556589359556,72,LOCKED
1556589360568,72,LOCKED
1556589361570,72,LOCKED
1556589362607,70,LOCKED
1556589363559,71,LOCKED
1556589364572,71,LOCKED
1556589365558,71,LOCKED
1556589366527,69,LOCKED
1556589367557,70,LOCKED
1556589368571,70,LOCKED
1556589369537,70,LOCKED
1556589370524,71,LOCKED
1556589371563,71,LOCKED
1556589372504,71,LOCKED
1556589373502,70,LOCKED
1556589374507,70,LOCKED
1556589375518,71,LOCKED
1556589376519,72,LOCKED
1556589377508,71,LOCKED
1556589378498,72,LOCKED
1556589379483,73,LOCKED
1556589380554,74,LOCKED
1556589381480,73,LOCKED
1556589382515,73,LOCKED
1556589383460,73,LOCKED
1556589384458,73,LOCKED
1556589385471,72,LOCKED
1556589386473,71,LOCKED
1556589387451,72,LOCKED
1556589388468,70,LOCKED
1556589389464,70,LOCKED
1556589390444,70,LOCKED
1556589391440,71,LOCKED
1556589392454,70,LOCKED
1556589393436,70,LOCKED
1556589394433,69,LOCKED
1556589395423,70,LOCKED
1556589396518,70,LOCKED
1556589397413,70,LOCKED
1556589398408,70,LOCKED
1556589399411,71,LOCKED
1556589400442,71,LOCKED
1556589401396,72,LOCKED
1556589402392,73,LOCKED
1556589403432,71,LOCKED
1556589404399,72,LOCKED
1556589405393,72,LOCKED
1556589406466,71,LOCKED
1556589407397,71,LOCKED
1556589408372,71,LOCKED
1556589409390,71,LOCKED
1556589410358,71,LOCKED
1556589411417,71,LOCKED
1556589412373,72,LOCKED
1556589413408,72,LOCKED
1556589414353,71,LOCKED
1556589415391,71,LOCKED
1556589416353,71,LOCKED
1556589417350,71,LOCKED
1556589418369,71,LOCKED
1556589419329,72,LOCKED
1556589420377,72,LOCKED
1556589421313,73,LOCKED
1556589422401,73,LOCKED
1556589423317,72,LOCKED
1556589424307,73,LOCKED
1556589425297,72,LOCKED
1556589426338,71,LOCKED
1556589427306,71,LOCKED
1556589428288,71,LOCKED
1556589429307,72,LOCKED
1556589430297,73,LOCKED
1556589431272,73,LOCKED
1556589432341,72,LOCKED
1556589433310,74,LOCKED
1556589434372,73,LOCKED
1556589435258,72,LOCKED
1556589436375,70,LOCKED
1556589437255,72,LOCKED
1556589438274,72,LOCKED
1556589439261,72,LOCKED
1556589440266,72,LOCKED
1556589441243,73,LOCKED
1556589442247,74,LOCKED
1556589443260,74,LOCKED
1556589444262,74,LOCKED
1556589445255,75,LOCKED
1556589446223,74,LOCKED
1556589447214,75,LOCKED
1556589448224,75,LOCKED
1556589449222,75,LOCKED
1556589450261,76,LOCKED
1556589451209,76,LOCKED
1556589452215,77,LOCKED
1556589453199,76,LOCKED
1556589454229,76,LOCKED
1556589455182,75,LOCKED
1556589456189,75,LOCKED
1556589457191,75,LOCKED
1556589458187,75,LOCKED
1556589459189,75,LOCKED
1556589460198,73,LOCKED
1556589461179,72,LOCKED
1556589462175,72,LOCKED
1556589463217,71,LOCKED
1556589464180,72,LOCKED
1556589465152,72,LOCKED
1556589466158,73,LOCKED
1556589467159,73,LOCKED
1556589468164,73,LOCKED
1556589469140,73,LOCKED
1556589470153,73,LOCKED
1556589471144,73,LOCKED
1556589472116,73,LOCKED
1556589473119,73,LOCKED
1556589474128,73,LOCKED
1556589475117,73,LOCKED
1556589476112,73,LOCKED
1556589477121,74,LOCKED
1556589478092,75,LOCKED
1556589479133,75,LOCKED
1556589480102,75,LOCKED
1556589481098,75,LOCKED
1556589482092,75,LOCKED
1556589483069,74,LOCKED
1556589484073,75,LOCKED
1556589485076,75,LOCKED
1556589486090,76,LOCKED
1556589487066,77,LOCKED
1556589488083,77,LOCKED
1556589489090,77,LOCKED
1556589490050,78,LOCKED
1556589491208,79,LOCKED
1556589492057,78,LOCKED
1556589493055,77,LOCKED
1556589494051,78,LOCKED
1556589495034,78,LOCKED
1556589496113,78,LOCKED
1556589497016,78,LOCKED
1556589498022,79,LOCKED
1556589499027,78,LOCKED
1556589500027,77,LOCKED
1556589501044,76,LOCKED
1556589502020,75,LOCKED
1556589502991,75,LOCKED
1556589504057,74,LOCKED
1556589505041,74,LOCKED
1556589505988,73,LOCKED
1556589506999,73,LOCKED
1556589507993,73,LOCKED
1556589508980,73,LOCKED
1556589509984,72,LOCKED
1556589511067,72,LOCKED
1556589511955,72,LOCKED
1556589512958,72,LOCKED
1556589513985,71,LOCKED
1556589514960,71,LOCKED
1556589515962,72,LOCKED
1556589516948,73,LOCKED
1556589517931,74,LOCKED
1556589518939,75,LOCKED
1556589519933,75,LOCKED
1556589520937,75,LOCKED
1556589521936,75,LOCKED
1556589522917,75,LOCKED
1556589523923,75,LOCKED
1556589524909,74,LOCKED
1556589525924,75,LOCKED
1556589526923,74,LOCKED
1556589527903,74,LOCKED
1556589528919,74,LOCKED
1556589529901,74,LOCKED
1556589530897,74,LOCKED
1556589531881,74,LOCKED
1556589532890,74,LOCKED
1556589533895,74,LOCKED
1556589535001,74,LOCKED
1556589535867,74,LOCKED
1556589536994,73,LOCKED
1556589537860,73,LOCKED
1556589538854,73,LOCKED
1556589539888,73,LOCKED
1556589540866,74,LOCKED
1556589541929,74,LOCKED
1556589542897,73,LOCKED
1556589543925,73,LOCKED
1556589544848,72,LOCKED
1556589545850,72,LOCKED
1556589546896,72,LOCKED
1556589547870,73,LOCKED
1556589548823,75,LOCKED
1556589549816,75,LOCKED
1556589550863,74,LOCKED
1556589551847,74,LOCKED
1556589552833,74,LOCKED
1556589553822,74,LOCKED
1556589554791,74,LOCKED
1556589555793,74,LOCKED
1556589556820,75,LOCKED
1556589557790,76,LOCKED
1556589558773,76,LOCKED
1556589559794,77,LOCKED
1556589560784,77,LOCKED
1556589561773,76,LOCKED
1556589562802,74,LOCKED
1556589563756,74,LOCKED
1556589564760,74,LOCKED
1556589565752,74,LOCKED
1556589566750,74,LOCKED
1556589567758,74,LOCKED
1556589568749,74,LOCKED
1556589569779,74,LOCKED
1556589570797,73,LOCKED
1556589571726,72,LOCKED
1556589572724,72,LOCKED
1556589573753,71,LOCKED
1556589574727,71,LOCKED
1556589575766,73,LOCKED
1556589576716,73,LOCKED
1556589577716,73,LOCKED
1556589578715,73,LOCKED
1556589579708,72,LOCKED
1556589580694,72,LOCKED
1556589581694,72,LOCKED
1556589582704,72,LOCKED
1556589583713,72,LOCKED
1556589584692,72,LOCKED
1556589585703,72,LOCKED
1556589586677,72,LOCKED
1556589587684,72,LOCKED
1556589588684,72,LOCKED
1556589589666,72,LOCKED
1556589590655,73,LOCKED
1556589591662,73,LOCKED
1556589592682,73,LOCKED
1556589593668,72,LOCKED
1556589594676,72,LOCKED
1556589595657,72,LOCKED
1556589596672,72,LOCKED
1556589597642,71,LOCKED
1556589598621,71,LOCKED
1556589599703,71,LOCKED
1556589600633,71,LOCKED
1556589601618,71,LOCKED
1556589602622,71,LOCKED
1556589603632,71,LOCKED
1556589604620,71,LOCKED
1556589605605,72,LOCKED
1556589606599,72,LOCKED
1556589607598,71,LOCKED
1556589608592,71,LOCKED
1556589609591,71,LOCKED
1556589610587,69,LOCKED
1556589611564,70,LOCKED
1556589612579,71,LOCKED
1556589613563,71,LOCKED
1556589614556,74,LOCKED
1556589615592,74,LOCKED
1556589616633,75,LOCKED
1556589617544,75,LOCKED
1556589618537,75,LOCKED
1556589619541,75,LOCKED
1556589620569,75,LOCKED
1556589621547,75,LOCKED
1556589622537,76,LOCKED
1556589623545,77,LOCKED
1556589624519,77,LOCKED
1556589625513,78,LOCKED
1556589626532,78,LOCKED
1556589627510,78,LOCKED
1556589628510,85,LOCKED
1556589629515,88,LOCKED
1556589630577,88,LOCKED
1556589631519,88,LOCKED
1556589632495,88,LOCKED
1556589633487,88,LOCKED
1556589634487,88,LOCKED
1556589635494,88,LOCKED
1556589636482,88,LOCKED
1556589637482,88,LOCKED
1556589638496,88,LOCKED
1556589639455,88,LOCKED
1556589640451,87,LOCKED
1556589641448,88,LOCKED
1556589642463,87,LOCKED
1556589643440,88,LOCKED
1556589644448,88,LOCKED
1556589645435,87,LOCKED
1556589646455,86,LOCKED
1556589647507,86,LOCKED
1556589648466,84,LOCKED
1556589649441,84,LOCKED
1556589650440,84,LOCKED
1556589651435,84,LOCKED
1556589652415,84,LOCKED
1556589653418,84,LOCKED
1556589654412,84,LOCKED
1556589655415,84,LOCKED
1556589656416,83,LOCKED
1556589657422,83,LOCKED
1556589658407,82,LOCKED
1556589659387,83,LOCKED
1556589660391,83,LOCKED
1556589661383,83,LOCKED
1556589662377,84,LOCKED
1556589663373,84,LOCKED
1556589664393,84,LOCKED
1556589665367,84,LOCKED
1556589666356,85,LOCKED
1556589667360,86,LOCKED
1556589668382,86,LOCKED
1556589669367,93,LOCKED
1556589670339,92,LOCKED
1556589671411,91,LOCKED
1556589672341,90,LOCKED
1556589673369,92,LOCKED
1556589674357,91,LOCKED
1556589675337,91,LOCKED
1556589676332,87,LOCKED
1556589677331,87,LOCKED
1556589678310,86,LOCKED
1556589679317,86,LOCKED
1556589680304,85,LOCKED
1556589681324,85,LOCKED
1556589682320,85,LOCKED
1556589683289,85,LOCKED
1556589684298,84,LOCKED
1556589685298,84,LOCKED
1556589686301,84,LOCKED
1556589687288,84,LOCKED
1556589688287,84,LOCKED
1556589689308,84,LOCKED
1556589690264,84,LOCKED
1556589691261,84,LOCKED
1556589692267,85,LOCKED
1556589693252,92,LOCKED
1556589694362,91,LOCKED
1556589695260,92,LOCKED
1556589696241,91,LOCKED
1556589697229,91,LOCKED
1556589698250,91,LOCKED
1556589699228,90,LOCKED
1556589700251,90,LOCKED
1556589701243,90,LOCKED
1556589702232,90,LOCKED
1556589703232,89,LOCKED
1556589704210,89,LOCKED
1556589705267,88,LOCKED
1556589706215,88,LOCKED
1556589707206,88,LOCKED
1556589708191,88,LOCKED
1556589709218,88,LOCKED
1556589710196,86,LOCKED
1556589711192,86,LOCKED
1556589712186,87,LOCKED
1556589713206,87,LOCKED
1556589714180,87,LOCKED
1556589715174,87,LOCKED
1556589716163,86,LOCKED
1556589717176,87,LOCKED
1556589718166,88,LOCKED
1556589719160,88,LOCKED
1556589720159,88,LOCKED
1556589721152,88,LOCKED
1556589722134,88,LOCKED
1556589723153,87,LOCKED
1556589724151,87,LOCKED
1556589725162,90,LOCKED
1556589726124,90,LOCKED
1556589727186,92,LOCKED
1556589728118,92,LOCKED
1556589729130,92,LOCKED
1556589730117,90,LOCKED
1556589731117,91,LOCKED
1556589732099,91,LOCKED
1556589733112,91,LOCKED
1556589734083,91,LOCKED
1556589735087,91,LOCKED
1556589736111,92,LOCKED
1556589737088,92,LOCKED
1556589738075,93,LOCKED
1556589739075,92,LOCKED
1556589740072,91,LOCKED
1556589741063,90,LOCKED
1556589742062,90,LOCKED
1556589743150,90,LOCKED
1556589744049,89,LOCKED
1556589745053,88,LOCKED
1556589746053,88,LOCKED
1556589747054,89,LOCKED
1556589748058,89,LOCKED
1556589749031,89,LOCKED
1556589750051,89,LOCKED
1556589751029,88,LOCKED
1556589752039,87,LOCKED
1556589753014,87,LOCKED
1556589754040,87,LOCKED
1556589755008,88,LOCKED
1556589756029,88,LOCKED
1556589757019,83,LOCKED
1556589758025,82,LOCKED
1556589759030,81,LOCKED
1556589759994,81,LOCKED
1556589760996,81,LOCKED
1556589762024,81,LOCKED
1556589763004,84,LOCKED
1556589763996,87,LOCKED
1556589764969,90,LOCKED
1556589765969,90,LOCKED
1556589766986,90,LOCKED
1556589767958,92,LOCKED
1556589768973,89,LOCKED
1556589769956,90,LOCKED
1556589770954,90,LOCKED
1556589771970,92,LOCKED
1556589772959,90,LOCKED
1556589773926,92,LOCKED
1556589774937,90,LOCKED
1556589775943,92,LOCKED
1556589776990,91,LOCKED
1556589777944,92,LOCKED
1556589779015,93,LOCKED
1556589779935,94,LOCKED
1556589780920,97,LOCKED
1556589781929,96,LOCKED
1556589782895,96,LOCKED
1556589783958,96,LOCKED
1556589784918,94,LOCKED
1556589785890,93,LOCKED
1556589786990,92,LOCKED
1556589787900,92,LOCKED
1556589788874,91,LOCKED
1556589789876,92,LOCKED
1556589790890,92,LOCKED
1556589791894,93,LOCKED
1556589792874,93,LOCKED
1556589793868,93,LOCKED
1556589794864,93,LOCKED
1556589795851,91,LOCKED
1556589796879,91,LOCKED
1556589797851,90,LOCKED
1556589798916,90,LOCKED
1556589799943,90,LOCKED
1556589800923,89,LOCKED
1556589801822,90,LOCKED
1556589802839,92,LOCKED
1556589803836,92,LOCKED
1556589804858,92,LOCKED
1556589805810,93,LOCKED
1556589806812,93,LOCKED
1556589807826,93,LOCKED
1556589808815,94,LOCKED
1556589809802,93,LOCKED
1556589810804,93,LOCKED
1556589811811,93,LOCKED
1556589812801,93,LOCKED
1556589813873,93,LOCKED
1556589814798,96,LOCKED
1556589815784,95,LOCKED
1556589816793,94,LOCKED
1556589817810,94,LOCKED
1556589818824,94,LOCKED
1556589819775,94,LOCKED
1556589820818,93,LOCKED
1556589821750,94,LOCKED
1556589822767,94,LOCKED
1556589823755,95,LOCKED
1556589824734,95,LOCKED
1556589825748,95,LOCKED
1556589826720,93,LOCKED
1556589827716,93,LOCKED
1556589828728,93,LOCKED
1556589829763,92,LOCKED
1556589830722,93,LOCKED
1556589831722,92,LOCKED
1556589832697,91,LOCKED
1556589833706,91,LOCKED
1556589834707,90,LOCKED
1556589835717,89,LOCKED
1556589836692,89,LOCKED
1556589837710,88,LOCKED
1556589838683,87,LOCKED
1556589839740,87,LOCKED
1556589840740,88,LOCKED
1556589841670,87,LOCKED
1556589842669,86,LOCKED
1556589843678,85,LOCKED
1556589844673,83,LOCKED
1556589845650,84,LOCKED
1556589846649,83,LOCKED
1556589847702,83,LOCKED
1556589848661,82,LOCKED
1556589849713,82,LOCKED
1556589850644,82,LOCKED
1556589851632,81,LOCKED
1556589852641,81,LOCKED
1556589853664,81,LOCKED
1556589854640,80,LOCKED
1556589855703,81,LOCKED
1556589856614,81,LOCKED
1556589857609,82,LOCKED
1556589858597,81,LOCKED
1556589859617,81,LOCKED
1556589860586,80,LOCKED
1556589861605,80,LOCKED
1556589862596,81,LOCKED
1556589863587,81,LOCKED
1556589864588,80,LOCKED
1556589865567,78,LOCKED
1556589866573,77,LOCKED
1556589867576,77,LOCKED
1556589868559,78,LOCKED
1556589869588,77,LOCKED
1556589870577,78,LOCKED
1556589871625,77,LOCKED
1556589872554,77,LOCKED
1556589873559,77,LOCKED
1556589874550,78,LOCKED
1556589875548,78,LOCKED
1556589876542,78,LOCKED
1556589877542,77,LOCKED
1556589878526,77,LOCKED
1556589879527,77,LOCKED
1556589880526,77,LOCKED
1556589881510,77,LOCKED
1556589882519,77,LOCKED
1556589883514,76,LOCKED
1556589884499,76,LOCKED
1556589885514,76,LOCKED
1556589886507,75,LOCKED
1556589887490,75,LOCKED
1556589888504,74,LOCKED
1556589889520,74,LOCKED
1556589890488,74,LOCKED
1556589891496,74,LOCKED
1556589892471,74,LOCKED
1556589893477,74,LOCKED
1556589894489,72,LOCKED
1556589895482,72,LOCKED
1556589896465,71,LOCKED
1556589897464,71,LOCKED
1556589898488,71,LOCKED
1556589899519,71,LOCKED
1556589900460,72,LOCKED
1556589901463,73,LOCKED
1556589902435,72,LOCKED
1556589903424,74,LOCKED
1556589904415,74,LOCKED
1556589905438,74,LOCKED
1556589906430,73,LOCKED
1556589907415,72,LOCKED
1556589908427,72,LOCKED
1556589909404,72,LOCKED
1556589910410,72,LOCKED
1556589911397,73,LOCKED
1556589912384,73,LOCKED
1556589913485,73,LOCKED
1556589914387,73,LOCKED
1556589915381,72,LOCKED
1556589916377,70,LOCKED
1556589917374,70,LOCKED
1556589918377,70,LOCKED
1556589919368,70,LOCKED
1556589920374,69,LOCKED
1556589921389,70,LOCKED
1556589922349,70,LOCKED
1556589923354,70,LOCKED
1556589924354,71,LOCKED
1556589925343,71,LOCKED
1556589926353,71,LOCKED
1556589927343,70,LOCKED
1556589928348,70,LOCKED
1556589929336,70,LOCKED
1556589930326,70,LOCKED
1556589931316,70,LOCKED
1556589932325,70,LOCKED
1556589933387,69,LOCKED
1556589934387,70,LOCKED
1556589935311,69,LOCKED
1556589936298,70,LOCKED
1556589937306,70,LOCKED
1556589938290,69,LOCKED
1556589939285,70,LOCKED
1556589940284,70,LOCKED
1556589941284,71,LOCKED
1556589942288,70,LOCKED
1556589943298,71,LOCKED
1556589944276,71,LOCKED
1556589945287,72,LOCKED
1556589946290,73,LOCKED
1556589947272,72,LOCKED
1556589948315,72,LOCKED
1556589949242,71,LOCKED
1556589950335,70,LOCKED
1556589951266,69,LOCKED
1556589952263,70,LOCKED
1556589953279,69,LOCKED
1556589954284,69,LOCKED
1556589955254,69,LOCKED
1556589956241,70,LOCKED
1556589957218,70,LOCKED
1556589958207,70,LOCKED
1556589959208,70,LOCKED
1556589960253,72,LOCKED
1556589961201,97,LOCKED
1556589962213,97,LOCKED
1556589963197,97,LOCKED
1556589964198,95,LOCKED
1556589965192,94,LOCKED
1556589966172,93,LOCKED
1556589967204,93,LOCKED
1556589968231,92,LOCKED
1556589969257,92,LOCKED
1556589970260,91,LOCKED
1556589971191,91,LOCKED
1556589972156,90,LOCKED
1556589973151,90,LOCKED
1556589974161,90,LOCKED
1556589975139,91,LOCKED
1556589976148,97,LOCKED
1556589977145,97,LOCKED
1556589978142,96,LOCKED
1556589979159,94,LOCKED
1556589980149,94,LOCKED
1556589981137,94,LOCKED
1556589982128,93,LOCKED
1556589983129,93,LOCKED
1556589984126,93,LOCKED
1556589985111,92,LOCKED
1556589986128,93,LOCKED
1556589987103,93,LOCKED
1556589988111,93,LOCKED
1556589989087,93,LOCKED
1556589990099,93,LOCKED
1556589991079,94,LOCKED
1556589992108,95,LOCKED
1556589993089,96,LOCKED
1556589994089,95,LOCKED
1556589995085,95,LOCKED
1556589996108,95,LOCKED
1556589997057,94,LOCKED
1556589998066,93,LOCKED
1556589999048,93,LOCKED
1556590000056,92,LOCKED
1556590001053,92,LOCKED
1556590002052,92,LOCKED
1556590003045,90,LOCKED
1556590004040,88,LOCKED
1556590005047,87,LOCKED
1556590006073,87,LOCKED
1556590007039,87,LOCKED
1556590008038,86,LOCKED
1556590009020,86,LOCKED
1556590010060,87,LOCKED
1556590011000,88,LOCKED
1556590012009,88,LOCKED
1556590012996,89,LOCKED
1556590013987,90,LOCKED
1556590014997,90,LOCKED
1556590015988,90,LOCKED
1556590016990,90,LOCKED
1556590018015,90,LOCKED
1556590019042,89,LOCKED
1556590020018,90,LOCKED
1556590021070,90,LOCKED
1556590021992,89,LOCKED
1556590022947,89,LOCKED
1556590023950,89,LOCKED
1556590024956,89,LOCKED
1556590025951,88,LOCKED
1556590026973,88,LOCKED
1556590027961,87,LOCKED
1556590028949,87,LOCKED
1556590029931,87,LOCKED
1556590030925,88,LOCKED
1556590031982,87,LOCKED
1556590032921,87,LOCKED
1556590033928,86,LOCKED
1556590034952,86,LOCKED
1556590035901,86,LOCKED
1556590036923,87,LOCKED
1556590037904,87,LOCKED
1556590038907,87,LOCKED
1556590039907,87,LOCKED
1556590040906,87,LOCKED
1556590041880,85,LOCKED
1556590042884,85,LOCKED
1556590043874,85,LOCKED
1556590044880,85,LOCKED
1556590045862,83,LOCKED
1556590046871,83,LOCKED
1556590047879,82,LOCKED
1556590048879,82,LOCKED
1556590049849,81,LOCKED
1556590050858,81,LOCKED
1556590051862,82,LOCKED
1556590052893,81,LOCKED
1556590053831,82,LOCKED
1556590054866,82,LOCKED
1556590055833,81,LOCKED
1556590056935,80,LOCKED
1556590057847,78,LOCKED
1556590058818,78,LOCKED
1556590059838,76,LOCKED
1556590060803,76,LOCKED
1556590061911,75,LOCKED
1556590062829,79,LOCKED
1556590063811,78,LOCKED
1556590064819,78,LOCKED
1556590065797,77,LOCKED
1556590066788,77,LOCKED
1556590067776,77,LOCKED
1556590068774,76,LOCKED
1556590069869,76,LOCKED
1556590070805,76,LOCKED
1556590071766,76,LOCKED
1556590072792,76,LOCKED
1556590073796,76,LOCKED
1556590074792,76,LOCKED
1556590075753,76,LOCKED
1556590076762,76,LOCKED
1556590077767,76,LOCKED
1556590078778,77,LOCKED
1556590079749,77,LOCKED
1556590080784,77,LOCKED
1556590081732,77,LOCKED
1556590082738,77,LOCKED
1556590083729,76,LOCKED
1556590084724,76,LOCKED
1556590085815,76,LOCKED
1556590086699,76,LOCKED
1556590087748,76,LOCKED
1556590088706,76,LOCKED
1556590089765,76,LOCKED
1556590090684,76,LOCKED
1556590091687,76,LOCKED
1556590092700,77,LOCKED
1556590093690,77,LOCKED
1556590094724,77,LOCKED
1556590095671,77,LOCKED
1556590096745,77,LOCKED
1556590097679,78,LOCKED
1556590098651,78,LOCKED
1556590099666,78,LOCKED
1556590100681,78,LOCKED
1556590101662,78,LOCKED
1556590102654,78,LOCKED
1556590103662,78,LOCKED
1556590104709,78,LOCKED
1556590105719,78,LOCKED
1556590106633,78,LOCKED
1556590107632,78,LOCKED
1556590108640,78,LOCKED
1556590109677,78,LOCKED
1556590110680,78,LOCKED
1556590111614,77,LOCKED
1556590112604,77,LOCKED
1556590113637,77,LOCKED
1556590114594,77,LOCKED
1556590115756,78,LOCKED
1556590116582,78,LOCKED
1556590117601,78,LOCKED
1556590118573,80,LOCKED
1556590119600,80,LOCKED
1556590120568,79,LOCKED
1556590121584,78,LOCKED
1556590122565,78,LOCKED
1556590123555,76,LOCKED
1556590124568,76,LOCKED
1556590125551,77,LOCKED
1556590126565,77,LOCKED
1556590127553,76,LOCKED
1556590128555,75,LOCKED
1556590129565,75,LOCKED
1556590130622,74,LOCKED
1556590131642,74,LOCKED
1556590132533,74,LOCKED
1556590133529,72,LOCKED
1556590134527,72,LOCKED
1556590135530,71,LOCKED
1556590136509,71,LOCKED
1556590137508,69,LOCKED
1556590138513,69,LOCKED
1556590139508,69,LOCKED
1556590140570,69,LOCKED
1556590141514,69,LOCKED
1556590142481,69,LOCKED
1556590143474,69,LOCKED
1556590144485,69,LOCKED
1556590145486,68,LOCKED
1556590146464,68,LOCKED
1556590147579,67,LOCKED
1556590148486,67,LOCKED
1556590149468,67,LOCKED
1556590150451,66,LOCKED
1556590151463,66,LOCKED
1556590152454,72,LOCKED
1556590153526,72,LOCKED
1556590154531,72,LOCKED
1556590155437,72,LOCKED
1556590156447,73,LOCKED
1556590157444,72,LOCKED
1556590158427,72,LOCKED
1556590159422,72,LOCKED
1556590160428,71,LOCKED
1556590161448,72,LOCKED
1556590162466,72,LOCKED
1556590163399,71,LOCKED
1556590164400,72,LOCKED
1556590165395,72,LOCKED
1556590166387,72,LOCKED
1556590167407,72,LOCKED
1556590168392,71,LOCKED
1556590169398,71,LOCKED
1556590170384,72,LOCKED
1556590171388,72,LOCKED
1556590172391,72,LOCKED
1556590173363,80,LOCKED
1556590174369,80,LOCKED
1556590175355,80,LOCKED
1556590176363,80,LOCKED
1556590177364,78,LOCKED
1556590178362,79,LOCKED
1556590179342,79,LOCKED
1556590180402,79,LOCKED
1556590181345,79,LOCKED
1556590182389,79,LOCKED
1556590183339,79,LOCKED
1556590184363,79,LOCKED
1556590185373,78,LOCKED
1556590186363,78,LOCKED
1556590187340,78,LOCKED
1556590188378,78,LOCKED
1556590189299,78,LOCKED
1556590190305,78,LOCKED
1556590191314,78,LOCKED
1556590192290,78,LOCKED
1556590193283,78,LOCKED
1556590194280,78,LOCKED
1556590195279,77,LOCKED
1556590196288,77,LOCKED
1556590197272,77,LOCKED
1556590198260,78,LOCKED
1556590199277,78,LOCKED
1556590200259,78,LOCKED
1556590201251,79,LOCKED
1556590202312,80,LOCKED
1556590203276,81,LOCKED
1556590204246,81,LOCKED
1556590205242,81,LOCKED
1556590206257,81,LOCKED
1556590207231,81,LOCKED
1556590208239,81,LOCKED
1556590209249,81,LOCKED
1556590210223,81,LOCKED
1556590211240,80,LOCKED
1556590212312,81,LOCKED
1556590213227,81,LOCKED
1556590214224,83,LOCKED
1556590215227,82,LOCKED
1556590216211,75,LOCKED
1556590217267,75,LOCKED
1556590218215,75,LOCKED
1556590219185,75,LOCKED
1556590220270,75,LOCKED
1556590221187,76,LOCKED
1556590222245,76,LOCKED
1556590223187,76,LOCKED
1556590224160,76,LOCKED
1556590225232,76,LOCKED
1556590226184,76,LOCKED
1556590227157,75,LOCKED
1556590228144,75,LOCKED
1556590229147,75,LOCKED
1556590230134,74,LOCKED
1556590231153,75,LOCKED
1556590232162,74,LOCKED
1556590233140,74,LOCKED
1556590234118,74,LOCKED
1556590235137,73,LOCKED
1556590236130,73,LOCKED
1556590237140,73,LOCKED
1556590238119,72,LOCKED
1556590239100,71,LOCKED
1556590240182,70,LOCKED
1556590241094,71,LOCKED
1556590242095,71,LOCKED
1556590243097,71,LOCKED
1556590244088,70,LOCKED
1556590245083,70,LOCKED
1556590246074,71,LOCKED
1556590247097,71,LOCKED
1556590248075,71,LOCKED
1556590249079,72,LOCKED
1556590250082,72,LOCKED
1556590251069,72,LOCKED
1556590252049,71,LOCKED
1556590253065,72,LOCKED
1556590254053,73,LOCKED
1556590255060,73,LOCKED
1556590256058,73,LOCKED
1556590257029,73,LOCKED
1556590258045,73,LOCKED
1556590259083,72,LOCKED
1556590260023,72,LOCKED
1556590261033,71,LOCKED
1556590262034,72,LOCKED
1556590263032,72,LOCKED
1556590264031,71,LOCKED
1556590265036,70,LOCKED
1556590265997,71,LOCKED
1556590266990,71,LOCKED
1556590268018,69,LOCKED
1556590268990,69,LOCKED
1556590269980,71,LOCKED
1556590270998,70,LOCKED
1556590272007,71,LOCKED
1556590272986,71,LOCKED
1556590273971,71,LOCKED
1556590274968,71,LOCKED
1556590275967,72,LOCKED
1556590277052,72,LOCKED
1556590277965,73,LOCKED
1556590278969,74,LOCKED
1556590279961,74,LOCKED
1556590280940,75,LOCKED
1556590281955,75,LOCKED
1556590282934,75,LOCKED
1556590283931,76,LOCKED
1556590284928,76,LOCKED
1556590285935,76,LOCKED
1556590286967,72,LOCKED
1556590287916,72,LOCKED
1556590288993,72,LOCKED
1556590289989,72,LOCKED
1556590290899,74,LOCKED
1556590291897,73,LOCKED
1556590292914,72,LOCKED
1556590293903,72,LOCKED
1556590294892,72,LOCKED
1556590295898,72,LOCKED
1556590296938,73,LOCKED
1556590297895,74,LOCKED
1556590298878,74,LOCKED
1556590299890,75,LOCKED
1556590300880,75,LOCKED
1556590301857,75,LOCKED
1556590302922,76,LOCKED
1556590303867,77,LOCKED
1556590304857,77,LOCKED
1556590305855,77,LOCKED
1556590306839,77,LOCKED
1556590307855,76,LOCKED
1556590308846,77,LOCKED
1556590309873,78,LOCKED
1556590310833,90,LOCKED
1556590311901,89,LOCKED
1556590312827,89,LOCKED
1556590313808,89,LOCKED
1556590314824,89,LOCKED
1556590315815,87,LOCKED
1556590316854,88,LOCKED
1556590317849,88,LOCKED
1556590318885,87,LOCKED
1556590319817,87,LOCKED
1556590320788,87,LOCKED
1556590321791,86,LOCKED
1556590322823,86,LOCKED
1556590323795,86,LOCKED
1556590324812,86,LOCKED
1556590325782,86,LOCKED
1556590326777,87,LOCKED
1556590327817,87,LOCKED
1556590328754,88,LOCKED
1556590329761,87,LOCKED
1556590330801,88,LOCKED
1556590331737,88,LOCKED
1556590332759,88,LOCKED
1556590333732,88,LOCKED
1556590334728,88,LOCKED
1556590335727,89,LOCKED
1556590336748,89,LOCKED
1556590337732,89,LOCKED
1556590338719,89,LOCKED
1556590339723,89,LOCKED
1556590340746,88,LOCKED
1556590341719,88,LOCKED
1556590342709,87,LOCKED
1556590343710,87,LOCKED
1556590344697,86,LOCKED
1556590345736,86,LOCKED
1556590346715,86,LOCKED
1556590347762,85,LOCKED
1556590348683,84,LOCKED
1556590349687,83,LOCKED
1556590350690,83,LOCKED
1556590351682,82,LOCKED
1556590352739,81,LOCKED
1556590353747,81,LOCKED
1556590354743,84,LOCKED
1556590355660,84,LOCKED
1556590356661,84,LOCKED
1556590357640,82,LOCKED
1556590358647,82,LOCKED
1556590359636,82,LOCKED
1556590360686,82,LOCKED
1556590361641,82,LOCKED
1556590362715,81,LOCKED
1556590363629,81,LOCKED
1556590364635,82,LOCKED
1556590365614,81,LOCKED
1556590366609,81,LOCKED
1556590367604,82,LOCKED
1556590368601,82,LOCKED
1556590369597,82,LOCKED
1556590370588,83,LOCKED
1556590371590,82,LOCKED
1556590372584,82,LOCKED
1556590373583,81,LOCKED
1556590374568,80,LOCKED
1556590375585,80,LOCKED
1556590376570,81,LOCKED
1556590377579,82,LOCKED
1556590378571,81,LOCKED
1556590379600,81,LOCKED
1556590380560,81,LOCKED
1556590381603,82,LOCKED
1556590382575,82,LOCKED
1556590383542,82,LOCKED
1556590384556,82,LOCKED
1556590385528,83,LOCKED
1556590386521,82,LOCKED
1556590387558,82,LOCKED
1556590388527,82,LOCKED
1556590389524,82,LOCKED
1556590390597,82,LOCKED
1556590391529,82,LOCKED
1556590392524,82,LOCKED
1556590393501,83,LOCKED
1556590394497,82,LOCKED
1556590395503,82,LOCKED
1556590396502,80,LOCKED
1556590397490,80,LOCKED
1556590398501,81,LOCKED
1556590399502,81,LOCKED
1556590400497,81,LOCKED
1556590401480,81,LOCKED
1556590402494,79,LOCKED
1556590403471,79,LOCKED
1556590404544,79,LOCKED
1556590405461,79,LOCKED
1556590406443,80,LOCKED
1556590407455,78,LOCKED
1556590408452,78,LOCKED
1556590409447,79,LOCKED
1556590410451,80,LOCKED
1556590411443,88,LOCKED
1556590412439,89,LOCKED
1556590413439,89,LOCKED
1556590414427,89,LOCKED
1556590415412,89,LOCKED
1556590416441,89,LOCKED
1556590417418,89,LOCKED
1556590418401,87,LOCKED
1556590419410,87,LOCKED
1556590420390,86,LOCKED
1556590421401,85,LOCKED
1556590422403,86,LOCKED
1556590423384,86,LOCKED
1556590424377,86,LOCKED
1556590425398,85,LOCKED
1556590426464,85,LOCKED
1556590427363,83,LOCKED
1556590428382,83,LOCKED
1556590429368,82,LOCKED
1556590430375,82,LOCKED
1556590431369,83,LOCKED
1556590432436,83,LOCKED
1556590433361,84,LOCKED
1556590434360,84,LOCKED
1556590435335,85,LOCKED
1556590436349,85,LOCKED
1556590437338,85,LOCKED
1556590438358,85,LOCKED
1556590439399,86,LOCKED
1556590440317,86,LOCKED
1556590441407,85,LOCKED
1556590442317,84,LOCKED
1556590443314,85,LOCKED
1556590444319,85,LOCKED
1556590445347,85,LOCKED
1556590446314,83,LOCKED
1556590447391,83,LOCKED
1556590448377,83,LOCKED
1556590449303,82,LOCKED
1556590450290,82,LOCKED
1556590451271,81,LOCKED
1556590452275,80,LOCKED
1556590453282,80,LOCKED
1556590454275,81,LOCKED
1556590455331,83,LOCKED
1556590456271,83,LOCKED
1556590457276,83,LOCKED
1556590458261,83,LOCKED
1556590459245,81,LOCKED
1556590460249,82,LOCKED
1556590461283,82,LOCKED
1556590462229,82,LOCKED
1556590463250,82,LOCKED
1556590464242,83,LOCKED
1556590465238,82,LOCKED
1556590466227,82,LOCKED
1556590467209,83,LOCKED
1556590468284,83,LOCKED
1556590469286,83,LOCKED
1556590470297,83,LOCKED
1556590471201,83,LOCKED
1556590472195,83,LOCKED
1556590473188,83,LOCKED
1556590474198,83,LOCKED
1556590475199,84,LOCKED
1556590476173,83,LOCKED
1556590477181,83,LOCKED
1556590478181,84,LOCKED
1556590479163,84,LOCKED
1556590480164,86,LOCKED
1556590481164,86,LOCKED
1556590482161,85,LOCKED
1556590483147,86,LOCKED
1556590484241,87,LOCKED
1556590485153,88,LOCKED
1556590486157,88,LOCKED
1556590487133,88,LOCKED
1556590488147,87,LOCKED
1556590489118,87,LOCKED
1556590490132,86,LOCKED
1556590491118,86,LOCKED
1556590492109,87,LOCKED
1556590493117,87,LOCKED
1556590494108,88,LOCKED
1556590495117,88,LOCKED
1556590496104,87,LOCKED
1556590497107,86,LOCKED
1556590498116,85,LOCKED
1556590499082,84,LOCKED
1556590500097,84,LOCKED
1556590501081,83,LOCKED
1556590502082,82,LOCKED
1556590503066,81,LOCKED
1556590504087,81,LOCKED
1556590505084,84,LOCKED
1556590506057,84,LOCKED
1556590507154,85,LOCKED
1556590508068,83,LOCKED
1556590509053,83,LOCKED
1556590510055,83,LOCKED
1556590511061,83,LOCKED
1556590512066,83,LOCKED
1556590513033,83,LOCKED
1556590514036,83,LOCKED
1556590515018,83,LOCKED
1556590516044,83,LOCKED
1556590517058,83,LOCKED
1556590518025,83,LOCKED
1556590519027,83,LOCKED
1556590520009,83,LOCKED
1556590521015,83,LOCKED
1556590521999,83,LOCKED
1556590523007,83,LOCKED
1556590523986,83,LOCKED
1556590524990,86,LOCKED
1556590525978,86,LOCKED
1556590526995,86,LOCKED
1556590528070,85,LOCKED
1556590528974,86,LOCKED
1556590529975,86,LOCKED
1556590530964,84,LOCKED
1556590531966,85,LOCKED
1556590532949,85,LOCKED
1556590533949,85,LOCKED
1556590534948,86,LOCKED
1556590535942,84,LOCKED
1556590536947,84,LOCKED
1556590537949,84,LOCKED
1556590538991,85,LOCKED
1556590539953,85,LOCKED
1556590540930,85,LOCKED
1556590542009,85,LOCKED
1556590542935,85,LOCKED
1556590543904,84,LOCKED
1556590544917,85,LOCKED
1556590545926,85,LOCKED
1556590546923,86,LOCKED
1556590547906,87,LOCKED
1556590548887,86,LOCKED
1556590549887,86,LOCKED
1556590550905,85,LOCKED
1556590551907,85,LOCKED
1556590552887,85,LOCKED
1556590553869,86,LOCKED
1556590554882,85,LOCKED
1556590555884,85,LOCKED
1556590556856,84,LOCKED
1556590557853,84,LOCKED
1556590558868,84,LOCKED
1556590559862,83,LOCKED
1556590560857,81,LOCKED
1556590561880,81,LOCKED
1556590562844,81,LOCKED
1556590563856,83,LOCKED
1556590564846,83,LOCKED
1556590565852,84,LOCKED
1556590566818,84,LOCKED
1556590567834,82,LOCKED
1556590568892,82,LOCKED
1556590569818,81,LOCKED
1556590570895,80,LOCKED
1556590571972,80,LOCKED
1556590572814,80,LOCKED
1556590573874,80,LOCKED
1556590574799,81,LOCKED
1556590575817,81,LOCKED
1556590576833,80,LOCKED
1556590577818,80,LOCKED
1556590578781,79,LOCKED
1556590579789,78,LOCKED
1556590580815,79,LOCKED
1556590581760,79,LOCKED
1556590582766,78,LOCKED
1556590583839,78,LOCKED
1556590584745,77,LOCKED
1556590585771,77,LOCKED
1556590586762,78,LOCKED
1556590587765,77,LOCKED
1556590588735,76,LOCKED
1556590589749,76,LOCKED
1556590590723,76,LOCKED
1556590591754,75,LOCKED
1556590592741,75,LOCKED
1556590593737,75,LOCKED
1556590594739,76,LOCKED
1556590595719,72,LOCKED
1556590596702,69,LOCKED
1556590597697,70,LOCKED
1556590598776,71,LOCKED
1556590599714,71,LOCKED
1556590600730,90,LOCKED
1556590601678,89,LOCKED
1556590602804,89,LOCKED
1556590603701,89,LOCKED
1556590604695,90,LOCKED
1556590605733,89,LOCKED
1556590606739,89,LOCKED
1556590607679,89,LOCKED
1556590608669,89,LOCKED
1556590609665,90,LOCKED
1556590610655,91,LOCKED
1556590611673,92,LOCKED
1556590612776,92,LOCKED
1556590613689,93,LOCKED
1556590614657,93,LOCKED
1556590615624,95,LOCKED
1556590616665,94,LOCKED
1556590617670,92,LOCKED
1556590618632,92,LOCKED
1556590619616,91,LOCKED
1556590620623,91,LOCKED
1556590621629,91,LOCKED
1556590622638,91,LOCKED
1556590623590,91,LOCKED
1556590624646,91,LOCKED
1556590625897,90,LOCKED
1556590626636,88,LOCKED
1556590627638,88,LOCKED
1556590628613,88,LOCKED
1556590629574,89,LOCKED
1556590630600,88,LOCKED
1556590631587,88,LOCKED
1556590632574,87,LOCKED
1556590633584,87,LOCKED
1556590634562,87,LOCKED
1556590635580,86,LOCKED
1556590636541,86,LOCKED
1556590637552,86,LOCKED
1556590638574,86,LOCKED
1556590639560,86,LOCKED
1556590640536,86,LOCKED
1556590641598,86,LOCKED
1556590642551,87,LOCKED
1556590643519,87,LOCKED
1556590644525,87,LOCKED
1556590645517,88,LOCKED
1556590646513,88,LOCKED
1556590647558,88,LOCKED
1556590648512,87,LOCKED
1556590649547,88,LOCKED
1556590650497,88,LOCKED
1556590651494,88,LOCKED
1556590652480,88,LOCKED
1556590653475,87,LOCKED
1556590654468,87,LOCKED
1556590655577,88,LOCKED
1556590656484,90,LOCKED
1556590657481,91,LOCKED
1556590658476,90,LOCKED
1556590659635,90,LOCKED
1556590660611,90,LOCKED
1556590661735,90,LOCKED
1556590662631,90,LOCKED
1556590663468,90,LOCKED
1556590664526,87,LOCKED
1556590665551,86,LOCKED
1556590666490,86,LOCKED
1556590667476,86,LOCKED
1556590668432,86,LOCKED
1556590669426,85,LOCKED
1556590670426,85,LOCKED
1556590671452,84,LOCKED
1556590672404,83,LOCKED
1556590673430,83,LOCKED
1556590674394,82,LOCKED
1556590675388,82,LOCKED
1556590676388,82,LOCKED
1556590677386,82,LOCKED
1556590678411,81,LOCKED
1556590679458,81,LOCKED
1556590680393,81,LOCKED
1556590681386,81,LOCKED
1556590682368,81,LOCKED
1556590683367,80,LOCKED
1556590684391,81,LOCKED
1556590685379,81,LOCKED
1556590686382,82,LOCKED
1556590687364,83,LOCKED
1556590688366,83,LOCKED
1556590689344,83,LOCKED
1556590690368,84,LOCKED
1556590691358,84,LOCKED
1556590692330,82,LOCKED
1556590693372,83,LOCKED
1556590694319,83,LOCKED
1556590695338,83,LOCKED
1556590696345,83,LOCKED
1556590697304,83,LOCKED
1556590698332,83,LOCKED
1556590699336,83,LOCKED
1556590700306,83,LOCKED
1556590701304,83,LOCKED
1556590702313,83,LOCKED
1556590703310,82,LOCKED
1556590704350,82,LOCKED
1556590705314,80,LOCKED
1556590706313,80,LOCKED
1556590707482,79,LOCKED
1556590708314,80,LOCKED
1556590709343,80,LOCKED
1556590710569,80,LOCKED
1556590711320,75,LOCKED
1556590712247,74,LOCKED
1556590713245,75,LOCKED
1556590714326,75,LOCKED
1556590715410,75,LOCKED
1556590716333,75,LOCKED
1556590717460,75,LOCKED
1556590718237,74,LOCKED
1556590719214,74,LOCKED
1556590720225,73,LOCKED
1556590721214,73,LOCKED
1556590722218,73,LOCKED
1556590723232,73,LOCKED
1556590724227,73,LOCKED
1556590725196,73,LOCKED
1556590726219,74,LOCKED
1556590727186,74,LOCKED
1556590728279,74,LOCKED
1556590729176,75,LOCKED
1556590730179,75,LOCKED
1556590731189,75,LOCKED
1556590732275,76,LOCKED
1556590733313,76,LOCKED
1556590734178,78,LOCKED
1556590735153,78,LOCKED
1556590736171,78,LOCKED
1556590737227,79,LOCKED
1556590738149,79,LOCKED
1556590739178,80,LOCKED
1556590740151,81,LOCKED
1556590741159,82,LOCKED
1556590742136,82,LOCKED
1556590743133,83,LOCKED
1556590744177,84,LOCKED
1556590791202,79,LOCKED
1556590792159,79,LOCKED
1556590793158,78,LOCKED
1556590794176,78,LOCKED
1556590795150,78,LOCKED
1556590796148,78,LOCKED
1556590797131,78,LOCKED
1556590798192,77,LOCKED
1556590799146,77,LOCKED
1556590800151,78,LOCKED
1556590801160,78,LOCKED
1556590802133,79,LOCKED
1556590803106,79,LOCKED
1556590804124,79,LOCKED
1556590805102,79,LOCKED
1556590806117,78,LOCKED
1556590807123,78,LOCKED
1556590808122,81,LOCKED
1556590809128,81,LOCKED
1556590810142,81,LOCKED
1556590811076,81,LOCKED
1556590812098,81,LOCKED
1556590813123,81,LOCKED
1556590814073,81,LOCKED
1556590815069,80,LOCKED
1556590816058,79,LOCKED
1556590817056,80,LOCKED
1556590818063,78,LOCKED
1556590819075,78,LOCKED
1556590820121,77,LOCKED
1556590821053,76,LOCKED
1556590822053,76,LOCKED
1556590823040,77,LOCKED
1556590824056,77,LOCKED
1556590825023,75,LOCKED
1556590826081,76,LOCKED
1556590827140,76,LOCKED
1556590828130,76,LOCKED
1556590829033,77,LOCKED
1556590830057,80,LOCKED
1556590831168,80,LOCKED
1556590832016,80,LOCKED
1556590833054,81,LOCKED
1556590834010,82,LOCKED
1556590835019,82,LOCKED
1556590836016,81,LOCKED
1556590837065,83,LOCKED
1556590838002,83,LOCKED
1556590839016,83,LOCKED
1556590839971,82,LOCKED
1556590840970,82,LOCKED
1556590842035,83,LOCKED
1556590842966,83,LOCKED
1556590843958,83,LOCKED
1556590844977,83,LOCKED
1556590845993,83,LOCKED
1556590846949,83,LOCKED
1556590847953,89,LOCKED
1556590848959,90,LOCKED
1556590849944,90,LOCKED
1556590850932,90,LOCKED
1556590851944,90,LOCKED
1556590852937,90,LOCKED
1556590853979,90,LOCKED
1556590854927,89,LOCKED
1556590855932,89,LOCKED
1556590857007,89,LOCKED
1556590857924,89,LOCKED
1556590858930,88,LOCKED
1556590859918,88,LOCKED
1556590860889,88,LOCKED
1556590861884,88,LOCKED
1556590862884,89,LOCKED
1556590863901,88,LOCKED
1556590864879,87,LOCKED
1556590865953,87,LOCKED
1556590866888,87,LOCKED
1556590867905,88,LOCKED
1556590868861,88,LOCKED
1556590869849,89,LOCKED
1556590870896,89,LOCKED
1556590871857,90,LOCKED
1556590872844,89,LOCKED
1556590873842,90,LOCKED
1556590874894,90,LOCKED
1556590875825,90,LOCKED
1556590876856,90,LOCKED
1556590877929,87,LOCKED
1556590878825,87,LOCKED
1556590879820,87,LOCKED
1556590880818,87,LOCKED
1556590881841,87,LOCKED
1556590882820,88,LOCKED
1556590883813,87,LOCKED
1556590884797,87,LOCKED
1556590885839,87,LOCKED
1556590886798,87,LOCKED
1556590887788,87,LOCKED
1556590888799,86,LOCKED
1556590889782,86,LOCKED
1556590890780,86,LOCKED
1556590891777,86,LOCKED
1556590892762,85,LOCKED
1556590893770,85,LOCKED
1556590894802,88,LOCKED
1556590895794,88,LOCKED
1556590896758,87,LOCKED
1556590897747,87,LOCKED
1556590898742,86,LOCKED
1556590899791,87,LOCKED
1556590900746,87,LOCKED
1556590901720,87,LOCKED
1556590902734,87,LOCKED
1556590903726,87,LOCKED
1556590904713,85,LOCKED
1556590905705,84,LOCKED
1556590906728,85,LOCKED
1556590907744,85,LOCKED
1556590908719,81,LOCKED
1556590909732,81,LOCKED
1556590910702,82,LOCKED
1556590911690,83,LOCKED
1556590912687,83,LOCKED
1556590913697,83,LOCKED
1556590914724,83,LOCKED
1556590915730,84,LOCKED
1556590916688,83,LOCKED
1556590917673,83,LOCKED
1556590918673,82,LOCKED
1556590919670,82,LOCKED
1556590920662,82,LOCKED
1556590921717,86,LOCKED
1556590922660,86,LOCKED
1556590923644,87,LOCKED
1556590924640,85,LOCKED
1556590925639,83,LOCKED
1556590926646,83,LOCKED
1556590927648,84,LOCKED
1556590928632,84,LOCKED
1556590929621,84,LOCKED
1556590930641,84,LOCKED
1556590931676,85,LOCKED
1556590932599,85,LOCKED
1556590933646,85,LOCKED
1556590934625,85,LOCKED
1556590935619,85,LOCKED
1556590936589,85,LOCKED
1556590937593,86,LOCKED
1556590938607,86,LOCKED
1556590939574,85,LOCKED
1556590940580,86,LOCKED
1556590941571,87,LOCKED
1556590942566,87,LOCKED
1556590943578,87,LOCKED
1556590944567,88,LOCKED
1556590945574,87,LOCKED
1556590946623,90,LOCKED
1556590947550,90,LOCKED
1556590948561,90,LOCKED
1556590949559,90,LOCKED
1556590950551,91,LOCKED
1556590951533,91,LOCKED
1556590952543,91,LOCKED
1556590953537,92,LOCKED
1556590954541,91,LOCKED
1556590955523,88,LOCKED
1556590956582,88,LOCKED
1556590957515,90,LOCKED
1556590958524,94,LOCKED
1556590959593,94,LOCKED
1556590960521,87,LOCKED
1556590961498,87,LOCKED
1556590962510,86,LOCKED
1556590963547,85,LOCKED
1556590964497,85,LOCKED
1556590965501,84,LOCKED
1556590966484,85,LOCKED
1556590967481,83,LOCKED
1556590968457,83,LOCKED
1556590969460,83,LOCKED
1556590970457,84,LOCKED
1556590971477,84,LOCKED
1556590972446,84,LOCKED
1556590973458,83,LOCKED
1556590974472,83,LOCKED
1556590975448,82,LOCKED
1556590976445,82,LOCKED
1556590977471,82,LOCKED
1556590978446,82,LOCKED
1556590979427,81,LOCKED
1556590980414,81,LOCKED
1556590981433,81,LOCKED
1556590982420,81,LOCKED
1556590983436,80,LOCKED
1556590984429,80,LOCKED
1556590985415,78,LOCKED
1556590986395,78,LOCKED
1556590987401,78,LOCKED
1556590988401,78,LOCKED
1556590989387,77,LOCKED
1556590990380,77,LOCKED
1556590991368,76,LOCKED
1556590992383,76,LOCKED
1556590993386,76,LOCKED
1556590994458,77,LOCKED
1556590995358,77,LOCKED
1556590996351,77,LOCKED
1556590997392,76,LOCKED
1556590998388,76,LOCKED
1556590999359,76,LOCKED
1556591000369,76,LOCKED
1556591001333,76,LOCKED
1556591002343,77,LOCKED
1556591003335,75,LOCKED
1556591004357,76,LOCKED
1556591005340,77,LOCKED
1556591006438,77,LOCKED
1556591007326,79,LOCKED
1556591008310,78,LOCKED
1556591009312,78,LOCKED
1556591010330,78,LOCKED
1556591011312,78,LOCKED
1556591012339,78,LOCKED
1556591013290,78,LOCKED
1556591014277,79,LOCKED
1556591015331,79,LOCKED
1556591016273,79,LOCKED
1556591017282,79,LOCKED
1556591018271,78,LOCKED
1556591019267,79,LOCKED
1556591020267,78,LOCKED
1556591021260,78,LOCKED
1556591022272,79,LOCKED
1556591023259,78,LOCKED
1556591024238,77,LOCKED
1556591025236,76,LOCKED
1556591026317,75,LOCKED
1556591027259,74,LOCKED
1556591028222,74,LOCKED
1556591029277,74,LOCKED
1556591030241,72,LOCKED
1556591031223,71,LOCKED
1556591032229,72,LOCKED
1556591033247,72,LOCKED
1556591034210,72,LOCKED
1556591035195,72,LOCKED
1556591036201,71,LOCKED
1556591037199,72,LOCKED
1556591038190,72,LOCKED
1556591039181,73,LOCKED
1556591040192,73,LOCKED
1556591041173,73,LOCKED
1556591042189,73,LOCKED
1556591043190,72,LOCKED
1556591044172,72,LOCKED
1556591045175,73,LOCKED
1556591046165,73,LOCKED
1556591047188,72,LOCKED
1556591048193,72,LOCKED
1556591049157,71,LOCKED
1556591050179,72,LOCKED
1556591051169,72,LOCKED
1556591052132,73,LOCKED
1556591053142,73,LOCKED
1556591054152,72,LOCKED
1556591055207,72,LOCKED
1556591056154,72,LOCKED
1556591057136,71,LOCKED
1556591058118,72,LOCKED
1556591059192,73,LOCKED
1556591060127,72,LOCKED
1556591061131,72,LOCKED
1556591062123,72,LOCKED
1556591063142,71,LOCKED
1556591064308,72,LOCKED
1556591065086,72,LOCKED
1556591066073,71,LOCKED
1556591067175,70,LOCKED
1556591068115,71,LOCKED
1556591069089,71,LOCKED
1556591070195,72,LOCKED
1556591071072,73,LOCKED
1556591072102,72,LOCKED
1556591073075,72,LOCKED
1556591074046,72,LOCKED
1556591075066,73,LOCKED
1556591076082,73,LOCKED
1556591077068,74,LOCKED
1556591078090,74,LOCKED
1556591079047,74,LOCKED
1556591080044,75,LOCKED
1556591081020,75,LOCKED
1556591082085,74,LOCKED
1556591083048,74,LOCKED
1556591084027,74,LOCKED
1556591085019,74,LOCKED
1556591086079,74,LOCKED
1556591086999,74,LOCKED
1556591088001,75,LOCKED
1556591088998,75,LOCKED
1556591089991,75,LOCKED
1556591091061,76,LOCKED
1556591091976,76,LOCKED
1556591093014,75,LOCKED
1556591093968,76,LOCKED
1556591095000,75,LOCKED
1556591095975,75,LOCKED
1556591096993,75,LOCKED
1556591098002,76,LOCKED
1556591098965,77,LOCKED
1556591099969,77,LOCKED
1556591100958,77,LOCKED
1556591102026,78,LOCKED
1556591103001,78,LOCKED
1556591103939,77,LOCKED
1556591104934,77,LOCKED
1556591105966,77,LOCKED
1556591106922,77,LOCKED
1556591107927,78,LOCKED
1556591108964,84,LOCKED
1556591109936,85,LOCKED
1556591110911,85,LOCKED
1556591111897,85,LOCKED
1556591112901,84,LOCKED
1556591113916,80,LOCKED
1556591114899,79,LOCKED
1556591115919,80,LOCKED
1556591116905,79,LOCKED
1556591117886,78,LOCKED
1556591118915,79,LOCKED
1556591119887,78,LOCKED
1556591120873,79,LOCKED
1556591121889,78,LOCKED
1556591122872,79,LOCKED
1556591123864,79,LOCKED
1556591124856,79,LOCKED
1556591125871,80,LOCKED
1556591126844,79,LOCKED
1556591127880,80,LOCKED
1556591128843,81,LOCKED
1556591129878,82,LOCKED
1556591130859,81,LOCKED
1556591131835,80,LOCKED
1556591132829,80,LOCKED
1556591133859,79,LOCKED
1556591134812,81,LOCKED
1556591135813,81,LOCKED
1556591136811,83,LOCKED
1556591137801,82,LOCKED
1556591138803,84,LOCKED
1556591139810,82,LOCKED
1556591140794,83,LOCKED
1556591141805,83,LOCKED
1556591142793,83,LOCKED
1556591143779,83,LOCKED
1556591144767,83,LOCKED
1556591145768,84,LOCKED
1556591146774,83,LOCKED
1556591147771,82,LOCKED
1556591148759,82,LOCKED
1556591149784,82,LOCKED
1556591150749,82,LOCKED
1556591151761,82,LOCKED
1556591152740,80,LOCKED
1556591153737,80,LOCKED
1556591154756,80,LOCKED
1556591155733,80,LOCKED
1556591156722,80,LOCKED
1556591157740,80,LOCKED
1556591158715,85,LOCKED
1556591159711,84,LOCKED
1556591160736,83,LOCKED
1556591161707,82,LOCKED
1556591162706,81,LOCKED
1556591163754,81,LOCKED
1556591164702,83,LOCKED
1556591165696,82,LOCKED
1556591166692,82,LOCKED
1556591167682,85,LOCKED
1556591168691,83,LOCKED
1556591169682,85,LOCKED
1556591170663,84,LOCKED
1556591171702,87,LOCKED
1556591172697,86,LOCKED
1556591173657,87,LOCKED
1556591174667,87,LOCKED
1556591175677,86,LOCKED
1556591176668,87,LOCKED
1556591177683,84,LOCKED
1556591178692,87,LOCKED
1556591179655,85,LOCKED
1556591180648,85,LOCKED
1556591181621,84,LOCKED
1556591182710,82,LOCKED
1556591183634,87,LOCKED
1556591184627,86,LOCKED
1556591185643,87,LOCKED
1556591186606,87,LOCKED
1556591187622,86,LOCKED
1556591188628,86,LOCKED
1556591189608,87,LOCKED
1556591190605,87,LOCKED
1556591191660,87,LOCKED
1556591192598,87,LOCKED
1556591193600,87,LOCKED
1556591194590,87,LOCKED
1556591195577,87,LOCKED
1556591196582,87,LOCKED
1556591197583,87,LOCKED
1556591198576,86,LOCKED
1556591199565,86,LOCKED
1556591200652,85,LOCKED
1556591201572,85,LOCKED
1556591202670,85,LOCKED
1556591203546,85,LOCKED
1556591204565,85,LOCKED
1556591205571,83,LOCKED
1556591206535,83,LOCKED
1556591207552,83,LOCKED
1556591208542,80,LOCKED
1556591209537,80,LOCKED
1556591210560,78,LOCKED
1556591211510,78,LOCKED
1556591212530,78,LOCKED
1556591213510,78,LOCKED
1556591214548,78,LOCKED
1556591215538,78,LOCKED
1556591216495,78,LOCKED
1556591217576,79,LOCKED
1556591218489,78,LOCKED
1556591219492,79,LOCKED
1556591220479,79,LOCKED
1556591221462,80,LOCKED
1556591222517,80,LOCKED
1556591223474,80,LOCKED
1556591224569,80,LOCKED
1556591225449,80,LOCKED
1556591226458,80,LOCKED
1556591227441,80,LOCKED
1556591228470,80,LOCKED
1556591229510,81,LOCKED
1556591230429,81,LOCKED
1556591231457,81,LOCKED
1556591232448,81,LOCKED
1556591233422,81,LOCKED
1556591234426,81,LOCKED
1556591235418,82,LOCKED
1556591236424,82,LOCKED
1556591237402,82,LOCKED
1556591238397,83,LOCKED
1556591239404,83,LOCKED
1556591240419,83,LOCKED
1556591241397,83,LOCKED
1556591242420,83,LOCKED
1556591243399,84,LOCKED
1556591244436,84,LOCKED
1556591245380,83,LOCKED
1556591246372,84,LOCKED
1556591247365,84,LOCKED
1556591248369,84,LOCKED
1556591249420,84,LOCKED
1556591250357,83,LOCKED
1556591251359,83,LOCKED
1556591252377,82,LOCKED
1556591253441,83,LOCKED
1556591254348,83,LOCKED
1556591255341,83,LOCKED
1556591256342,84,LOCKED
1556591257329,84,LOCKED
1556591258344,84,LOCKED
1556591259315,84,LOCKED
1556591260334,84,LOCKED
1556591261409,85,LOCKED
1556591262331,85,LOCKED
1556591263342,85,LOCKED
1556591264360,85,LOCKED
1556591265306,86,LOCKED
1556591266298,85,LOCKED
1556591267285,85,LOCKED
1556591268351,85,LOCKED
1556591269310,85,LOCKED
1556591270362,84,LOCKED
1556591271282,84,LOCKED
1556591272279,84,LOCKED
1556591273311,84,LOCKED
1556591274284,83,LOCKED
1556591275263,82,LOCKED
1556591276274,80,LOCKED
